ISIN_First2,Unnamed: 1,Unnamed: 2,ISIN,NAME,x1999,x2000,x2001,x2002,x2003,x2004,x2005,x2006,x2007,x2008,x2009,x2010,x2011,x2012,x2013,x2014,x2015,x2016,x2017,x2018,x2019,x2020,x2021,x2022
AT,AUSTRIA,EUR,AT000000STR1,STRABAG SE,,,,,,,,,33.51,42.33,36.21,43.29,46.29,43.1,42.63,50.04,51.45,53.53,63.81,69.75,69.93,69.1,69.73,65.46
AT,AUSTRIA,EUR,AT00000VIE62,FLUGHAFEN WIEN,,,,,52.79,51.85,28.62,28.01,17.12,23.99,29.82,27.66,33.82,37.96,36.99,34.32,38.18,38.01,54.23,49.84,50.09,47.77,45.21,
AT,AUSTRIA,EUR,AT0000606306,RAIFFEISEN BANK INTL.,,,,,,,31.11,47.18,40.73,42.61,39.21,46.78,52.03,41.61,41.14,41.43,42.22,49.6,51.52,62.7,66.41,70.85,63.41,73.86
AT,AUSTRIA,EUR,AT0000652011,ERSTE GROUP BANK,,,,29.67,24.3,34.71,37.83,29.2,39.02,36.72,40.17,32.84,38.33,45.36,40.43,52.8,51.01,50.82,69.33,83.66,85.24,80.8,76.2,73.83
AT,AUSTRIA,EUR,AT0000720008,TELEKOM AUSTRIA,,,,,,,35.39,27.48,57.67,69.35,67.94,61.78,69.31,73.48,74.14,59.85,62.55,54.42,54.76,56.39,54.63,62.93,58.55,61.07
AT,AUSTRIA,EUR,AT0000730007,ANDRITZ,,,,55.35,43.62,48.74,32.2,31.04,32.03,30.08,29.69,53.97,39.09,42.43,42.77,51.38,48.98,57.43,64.15,71.12,72.46,75.43,71.96,72.75
AT,AUSTRIA,EUR,AT0000743059,OMV,,,,66.63,68.64,75.86,65.36,64.69,64.99,74.42,75.5,80.03,76.41,81.34,80.76,75.68,76.48,79.64,77.64,77.35,77.64,81.33,84.16,84.0
AT,AUSTRIA,EUR,AT0000746409,VERBUND,,,,,,,29.49,41.38,41.27,60.91,58.48,63.07,60.45,61.99,62.81,64.11,68.84,73.07,69.85,67.26,74.93,71.89,77.12,71.58
AT,AUSTRIA,EUR,AT0000831706,WIENERBERGER,,,,34.4,39.04,43.91,46.13,34.04,51.22,41.72,51.88,56.46,53.85,56.05,52.01,55.6,66.76,63.24,64.0,71.2,70.68,67.05,69.88,73.44
AT,AUSTRIA,EUR,AT0000908504,VIENNA INSURANCE GROUP A,,,,,,15.58,35.76,19.99,17.27,39.16,52.15,43.91,38.46,39.11,44.49,42.06,44.51,56.65,59.06,61.48,57.81,66.41,67.29,67.05
AT,AUSTRIA,EUR,AT0000937503,VOESTALPINE,,,,18.57,38.46,29.41,8.34,13.01,16.9,15.89,32.18,40.7,45.93,41.55,45.01,50.29,52.44,67.8,59.29,61.65,61.8,69.39,63.21,61.72
AT,AUSTRIA,EUR,AT0000938204,MAYR-MELNHOF KARTON,,,,,,20.91,24.19,33.07,26.84,27.99,24.13,21.99,37.82,36.43,35.14,34.79,36.1,35.17,37.22,38.73,43.26,43.57,54.51,60.45
AT,AUSTRIA,EUR,AT0000A21KS2,IMMOFINANZ,,,,17.33,10.22,15.72,14.23,9.65,19.41,8.41,6.24,21.88,22.43,31.97,35.69,37.09,30.98,33.34,49.02,57.26,53.45,52.59,59.02,56.11
BE,BELGIUM,EUR,BE0003470755,SOLVAY,,,,32.01,45.27,31.95,41.28,37.63,37.22,54.49,46.76,56.36,51.61,71.3,77.38,78.96,76.37,70.19,60.12,73.79,77.55,79.02,83.05,83.58
BE,BELGIUM,EUR,BE0003565737,KBC GROUP,,,,45.95,46.58,53.17,54.01,59.95,70.46,68.13,65.84,67.32,68.86,69.37,70.61,59.05,61.71,61.87,64.01,65.06,66.91,62.02,61.2,59.09
BE,BELGIUM,EUR,BE0003593044,COFINIMMO,,,,31.58,28.58,33.99,41.09,32.57,50.53,53.56,56.78,61.34,60.6,66.67,69.86,64.84,67.34,71.67,70.51,76.43,80.32,82.09,79.51,81.41
BE,BELGIUM,EUR,BE0003717312,SOFINA,,,,,,,,,5.82,9.34,7.8,10.46,6.67,7.17,9.12,16.29,8.52,6.05,7.96,7.63,12.49,15.86,25.59,34.13
BE,BELGIUM,EUR,BE0003735496,ORANGE BELGIUM,,,,18.01,14.33,18.77,21.31,17.16,21.48,34.91,35.67,49.05,42.08,44.6,47.9,41.95,36.91,24.19,35.61,49.63,53.81,50.82,48.92,43.76
BE,BELGIUM,EUR,BE0003739530,UCB,,,,,,,15.5,12.45,22.98,31.68,37.22,50.05,52.32,54.3,56.28,59.74,70.32,69.12,81.69,80.83,82.44,85.07,82.47,89.11
BE,BELGIUM,EUR,BE0003755692,AGFA-GEVAERT,,,,44.77,45.37,38.32,50.77,30.64,54.24,63.72,65.86,61.17,56.37,57.05,52.8,55.03,69.55,69.18,64.45,75.38,66.66,57.64,61.85,69.04
BE,BELGIUM,EUR,BE0003797140,GBL NEW,,,,20.84,32.27,28.47,19.33,12.74,13.31,9.41,5.63,10.29,11.55,7.98,27.19,22.18,19.09,14.7,17.13,31.69,58.26,72.04,66.81,67.72
BE,BELGIUM,EUR,BE0003810273,PROXIMUS,,,,22.84,23.56,20.97,30.29,35.84,42.7,69.68,73.85,73.04,65.97,61.48,54.37,48.23,68.87,74.73,75.32,66.66,66.33,70.8,67.08,62.22
BE,BELGIUM,EUR,BE0974256852,COLRUYT GROUP,,,,26.42,24.8,28.61,26.85,41.45,28.31,34.99,33.6,37.74,32.38,31.18,33.24,38.69,45.22,43.5,42.81,54.87,52.98,55.84,55.68,53.93
BE,BELGIUM,EUR,BE0974258874,BEKAERT (D),,,,30.45,10.45,21.68,25.68,25.06,27.58,35.02,36.99,36.87,46.29,37.58,33.73,31.32,45.4,46.43,50.88,51.26,58.44,60.41,64.15,68.6
BE,BELGIUM,EUR,BE0974264930,AGEAS (EX-FORTIS),,,,,,,67.52,72.68,78.97,43.26,39.29,43.97,41.85,35.89,32.59,37.72,48.83,37.4,44.53,53.91,64.94,65.6,70.38,75.23
BE,BELGIUM,EUR,BE0974293251,ANHEUSER-BUSCH INBEV,,,,22.22,29.11,28.75,57.17,46.29,55.95,43.07,55.79,52.25,49.29,48.3,52.91,55.61,50.97,53.09,57.03,58.78,60.48,64.43,81.97,78.6
BE,BELGIUM,EUR,BE0974320526,UMICORE,,,,,,,47.71,39.33,54.15,60.0,74.39,66.77,79.66,74.95,70.68,68.5,68.7,69.44,65.95,74.86,75.07,74.11,75.0,83.54
CH,SWITZERLAND,EUR,CH0000816824,OC OERLIKON CORPORATION,,,,25.06,21.48,29.91,36.43,31.71,21.39,35.27,37.68,47.78,40.81,49.67,46.29,48.15,46.27,47.71,47.71,47.58,54.53,59.26,73.65,
CH,SWITZERLAND,EUR,CH0008038389,SWISS PRIME SITE,,,,,,,,,8.41,13.74,16.8,14.45,19.32,19.94,23.17,35.82,48.09,46.19,47.94,52.21,56.8,63.88,61.31,60.32
CH,SWITZERLAND,EUR,CH0008742519,SWISSCOM 'R',,,,37.67,40.06,40.27,51.01,38.65,56.4,67.75,61.55,68.2,68.2,65.06,75.46,69.32,74.61,60.99,65.55,71.25,72.5,75.73,66.72,71.44
CH,SWITZERLAND,EUR,CH0010570759,CHOCOLADEFABRIKEN LINDT & SPRUENGLI,,,,,,8.57,7.17,7.27,9.04,8.18,7.05,40.26,41.05,41.34,45.55,45.73,52.0,56.23,61.95,64.17,69.44,72.8,71.34,
CH,SWITZERLAND,EUR,CH0010645932,GIVAUDAN 'N',,,,60.34,48.53,57.38,68.86,64.37,59.33,52.53,51.34,60.87,68.37,65.22,70.71,71.34,73.94,67.33,72.29,75.33,73.88,75.48,75.45,76.42
CH,SWITZERLAND,EUR,CH0011075394,ZURICH INSURANCE GROUP,,,,38.28,46.74,50.87,50.48,39.57,53.41,63.81,64.84,53.8,59.24,62.78,61.2,67.86,66.92,79.71,84.79,87.83,89.94,88.7,88.83,
CH,SWITZERLAND,EUR,CH0011432447,BASILEA PHARMACEUTICA 'R',,,,,,,,,13.75,19.42,26.64,25.0,29.54,26.37,37.85,38.94,43.85,36.56,41.24,42.53,39.7,39.37,40.04,42.61
CH,SWITZERLAND,EUR,CH0012005267,NOVARTIS 'R',,,,42.46,47.21,58.13,79.86,86.23,90.76,85.84,80.28,80.54,86.72,84.7,84.46,84.3,84.24,82.99,85.77,83.98,85.58,86.27,85.58,
CH,SWITZERLAND,EUR,CH0012032048,ROCHE HOLDING,,,,39.55,63.98,67.7,73.66,79.77,69.22,75.08,72.89,76.94,72.28,81.46,81.09,89.7,89.34,87.48,90.03,89.54,93.28,95.19,94.23,94.95
CH,SWITZERLAND,EUR,CH0012138530,CREDIT SUISSE GROUP DEAD - DELIST.14/06/23,,,,43.21,41.7,60.84,65.67,71.0,75.43,80.95,84.0,87.83,86.49,85.31,80.66,78.58,79.54,77.32,77.34,75.51,82.91,81.27,83.59,78.42
CH,SWITZERLAND,EUR,CH0012138605,ADECCO GROUP,,,,33.71,53.93,57.66,44.38,40.53,60.25,61.5,60.55,72.2,65.08,71.48,68.69,65.1,72.9,70.07,67.81,64.74,69.98,73.15,72.54,70.09
CH,SWITZERLAND,EUR,CH0012142631,CLARIANT,,,,32.13,43.25,37.85,34.42,38.08,40.1,61.04,49.74,66.71,69.0,68.14,66.94,68.33,68.79,76.5,76.76,78.16,77.24,81.27,80.46,80.62
CH,SWITZERLAND,EUR,CH0012214059,HOLCIM,,,,53.95,52.86,36.13,61.7,48.14,61.42,57.17,63.02,57.75,65.83,63.15,67.39,70.59,68.9,72.04,76.57,78.25,74.81,74.52,75.13,77.12
CH,SWITZERLAND,EUR,CH0012221716,ABB LTD N,,,,67.23,64.77,64.56,89.18,86.84,89.91,90.47,91.13,89.24,93.42,91.44,89.72,92.89,88.9,87.22,89.85,92.75,93.86,93.84,94.17,91.27
CH,SWITZERLAND,EUR,CH0012255151,THE SWATCH GROUP,,,,34.37,10.1,22.25,16.7,12.23,23.49,20.57,18.06,17.93,16.36,18.33,17.5,20.42,25.04,25.29,30.33,30.67,33.27,34.29,56.88,61.31
CH,SWITZERLAND,EUR,CH0012268360,KUDELSKI 'B',,,,15.75,16.69,21.54,24.59,19.38,18.48,13.46,8.72,9.27,8.01,7.83,9.18,12.56,12.19,12.46,11.1,12.83,20.57,28.09,25.37,24.36
CH,SWITZERLAND,EUR,CH0012410517,BALOISE HOLDING,,,,19.02,38.62,37.02,36.54,35.16,50.88,49.55,52.0,59.27,50.73,54.62,46.26,50.62,51.07,50.7,45.39,43.68,46.32,45.37,40.88,40.29
CH,SWITZERLAND,EUR,CH0012549785,SONOVA N,,,,10.92,14.89,23.8,28.66,26.22,21.6,36.86,52.23,47.74,48.45,43.84,50.19,64.73,66.8,67.32,77.24,80.16,83.72,83.86,87.94,83.68
CH,SWITZERLAND,EUR,CH0013841017,LONZA GROUP,,,,48.26,43.84,45.78,31.96,45.65,59.51,61.42,65.2,66.69,77.4,66.38,69.23,66.02,64.22,71.84,72.52,82.32,87.49,79.65,78.12,80.6
CH,SWITZERLAND,EUR,CH0014786500,VALIANT 'R',,,,,,,,,7.48,10.48,25.22,46.13,42.04,44.5,44.2,50.47,45.04,42.45,47.86,46.43,42.26,45.25,46.19,48.93
CH,SWITZERLAND,EUR,CH0014852781,SWISS LIFE HOLDING,,,,27.3,31.51,41.84,35.02,48.98,41.54,57.2,56.93,62.71,53.2,55.22,55.54,53.58,57.08,54.89,61.44,67.35,65.99,68.18,73.33,72.51
CH,SWITZERLAND,EUR,CH0018294154,PSP SWISS PROPERTY AG,,,,,,,18.99,12.58,13.7,13.33,16.16,28.34,29.49,25.4,26.42,31.19,33.56,34.99,31.58,39.97,40.4,42.92,56.15,52.59
CH,SWITZERLAND,EUR,CH0022268228,EFG INTERNATIONAL N,,,,,,,,,22.72,15.27,19.31,19.17,24.57,17.62,18.43,19.43,19.74,17.17,18.46,22.04,33.21,30.31,42.39,47.07
CH,SWITZERLAND,EUR,CH0024608827,PARTNERS GROUP HOLDING,,,,,,,,,20.51,23.49,23.65,17.88,14.14,17.85,15.16,18.75,21.56,24.04,40.41,39.76,47.59,46.93,51.76,57.58
CH,SWITZERLAND,EUR,CH0024638212,SCHINDLER 'R',,,,29.46,32.92,32.18,23.07,21.46,34.97,34.19,36.65,36.08,36.35,39.76,38.7,42.38,46.8,43.58,45.77,50.64,53.17,59.59,51.39,51.7
CH,SWITZERLAND,EUR,CH0025238863,KUEHNE UND NAGEL INTERNATIONAL,,,,16.4,24.64,33.89,29.05,23.94,28.97,30.79,42.47,43.13,42.03,50.64,46.03,50.69,51.17,52.05,63.7,66.9,72.0,70.34,70.9,67.14
CH,SWITZERLAND,EUR,CH0025751329,LOGITECH 'R',,,,,,,31.84,25.64,25.46,25.11,25.69,28.28,27.99,26.0,26.86,26.55,38.06,61.68,66.23,64.24,68.89,71.42,79.36,77.38
CH,SWITZERLAND,EUR,CH0030170408,GEBERIT 'R',,,,22.35,28.7,29.65,44.3,53.61,70.1,74.07,77.73,76.51,78.05,81.17,79.65,77.57,82.68,80.73,84.29,89.99,89.09,90.9,87.47,84.99
CH,SWITZERLAND,EUR,CH0038388911,SULZER 'R',,,,23.3,35.62,45.26,57.75,54.58,52.79,53.55,68.81,71.65,78.02,76.07,85.49,80.54,73.14,61.06,56.58,53.13,65.29,61.84,75.21,70.58
CH,SWITZERLAND,EUR,CH0038863350,NESTLE 'N',,,,53.95,55.69,62.21,78.8,77.64,79.13,83.0,88.45,90.26,91.49,92.47,92.58,88.55,86.49,85.32,83.36,90.61,89.6,91.61,84.57,
CH,SWITZERLAND,EUR,CH0044328745,CHUBB,,,,32.76,31.06,40.8,32.73,40.39,33.66,43.6,46.61,46.5,43.79,42.52,39.56,38.09,37.59,49.14,49.56,52.07,51.21,49.37,49.5,54.9
CH,SWITZERLAND,EUR,CH0048265513,TRANSOCEAN,,,,17.57,22.99,28.59,32.7,34.58,25.75,41.85,51.66,50.17,57.65,56.79,53.58,43.68,44.11,65.51,57.09,63.46,58.65,54.84,53.7,
CH,SWITZERLAND,EUR,CH0102484968,JULIUS BAER GRUPPE,,,,,,,,12.77,31.9,33.53,43.96,40.52,48.58,47.52,41.51,40.87,45.15,54.84,63.77,64.59,64.53,73.5,72.99,68.97
CH,SWITZERLAND,EUR,CH0114405324,GARMIN,,,,,,33.79,28.78,42.24,36.51,28.68,30.62,48.44,47.42,63.02,49.08,59.1,54.84,59.97,57.66,57.45,61.84,63.95,60.09,63.94
CH,SWITZERLAND,EUR,CH0126881561,SWISS RE,,,,54.39,58.4,74.54,75.66,71.71,79.43,75.31,74.67,69.97,73.1,73.19,74.98,79.31,75.99,76.95,66.81,68.8,73.97,73.62,83.62,81.34
CH,SWITZERLAND,EUR,CH0210483332,RICHEMONT N,,,,9.69,15.05,15.96,40.67,58.51,49.36,51.45,52.38,52.85,55.61,57.73,61.56,68.38,60.99,61.04,57.85,65.86,65.49,66.76,67.25,76.39
CH,SWITZERLAND,EUR,CH0244767585,UBS GROUP,,,,60.34,56.71,64.87,75.71,80.99,83.38,83.02,74.05,71.22,77.36,86.15,88.44,79.85,82.62,91.38,90.91,92.08,90.7,90.63,88.9,87.58
CH,SWITZERLAND,EUR,CH0418792922,SIKA,,,,,,35.65,37.45,29.84,30.78,30.05,26.76,31.54,30.46,43.49,44.59,51.5,59.84,60.3,65.5,66.45,77.93,81.62,79.62,
CH,SWITZERLAND,EUR,CH1169151003,GEORG FISCHER,,,,,,6.93,17.35,25.05,69.44,68.82,81.91,70.47,66.83,72.86,78.15,74.69,76.6,73.54,75.21,77.19,75.36,83.15,83.96,82.2
CH,SWITZERLAND,EUR,CH1175448666,STRAUMANN HLDG.,,,,16.64,31.27,41.9,45.82,34.19,46.08,44.41,44.28,49.58,44.96,50.87,52.39,53.09,55.39,52.12,54.67,63.19,63.55,66.04,66.13,66.13
CH,SWITZERLAND,EUR,CH1256740924,SGS 'N',,,,17.77,24.79,22.92,31.62,22.92,38.3,38.85,61.86,67.52,79.7,73.36,72.86,78.6,80.38,79.04,82.59,84.19,82.28,85.42,86.48,84.24
DE,GERMANY,EUR,DE0005089031,UNITED INTERNET,,,,,,21.37,20.42,16.81,24.14,27.27,17.72,12.88,11.92,13.84,15.37,14.16,11.02,14.03,31.26,27.17,38.0,40.9,40.07,54.98
DE,GERMANY,EUR,DE0005140008,DEUTSCHE BANK,,,,50.55,43.01,51.64,76.62,79.0,77.73,75.0,80.29,84.11,82.36,84.77,83.86,81.15,76.73,76.97,80.37,80.49,85.97,83.7,80.4,85.66
DE,GERMANY,EUR,DE0005190003,BMW,,,,,,,43.46,75.32,71.1,75.3,86.52,87.68,88.38,85.81,88.37,86.28,85.84,87.1,84.15,83.77,86.75,83.19,88.9,89.36
DE,GERMANY,EUR,DE0005200000,BEIERSDORF,,,,,,,35.66,35.67,48.53,50.8,58.84,60.91,65.42,59.08,55.88,56.12,54.05,59.21,62.42,63.66,62.84,65.09,65.76,64.89
DE,GERMANY,EUR,DE0005439004,CONTINENTAL,,,,9.05,25.75,21.21,14.12,15.66,44.59,40.1,54.82,54.35,77.1,77.17,78.79,80.25,80.69,84.48,84.25,77.68,80.31,77.02,74.53,77.63
DE,GERMANY,EUR,DE0005470405,LANXESS,,,,,,,27.55,27.21,26.12,52.68,53.96,59.84,65.19,66.69,69.06,67.24,69.08,63.48,64.7,75.79,78.55,80.64,81.91,82.05
DE,GERMANY,EUR,DE0005552004,DEUTSCHE POST,,,,,,,49.83,58.55,51.35,81.17,65.87,73.37,82.07,83.74,79.5,78.1,80.36,82.87,80.26,79.98,87.16,84.51,81.29,75.61
DE,GERMANY,EUR,DE0005557508,DEUTSCHE TELEKOM,,,,35.88,54.64,52.56,51.18,63.1,72.8,77.6,73.24,71.93,67.41,75.79,73.62,70.23,78.63,79.4,76.99,77.83,82.49,86.4,84.0,82.28
DE,GERMANY,EUR,DE0005773303,FRAPORT,,,,,,39.01,34.76,39.95,48.51,60.27,51.39,67.96,70.55,75.46,80.86,83.5,86.24,85.82,82.14,83.86,82.47,82.27,73.75,72.7
DE,GERMANY,EUR,DE0005785604,FRESENIUS,,,,,,,,,51.06,44.15,60.67,53.97,61.27,47.76,44.58,51.87,46.48,43.91,63.83,73.67,75.29,81.94,81.34,75.44
DE,GERMANY,EUR,DE0005785802,FRESENIUS MED.CARE,,,,62.95,61.87,57.86,51.67,63.91,56.75,57.77,68.54,67.66,75.16,66.06,67.55,66.43,68.92,72.72,74.21,80.23,79.56,83.17,85.25,84.49
DE,GERMANY,EUR,DE0005810055,DEUTSCHE BOERSE,,,,37.26,43.06,55.8,52.72,44.38,32.0,41.15,46.07,63.55,56.11,64.86,64.53,66.31,69.32,72.19,74.99,74.73,74.73,77.15,71.25,
DE,GERMANY,EUR,DE0005909006,BILFINGER BERGER,,,,,,21.51,25.34,20.81,35.51,32.07,20.08,38.78,39.49,56.85,53.11,60.45,69.86,63.57,71.2,70.5,68.65,70.84,59.27,66.38
DE,GERMANY,EUR,DE0006047004,HEIDELBERG MATERIALS,,,,,,,29.0,20.25,39.83,59.26,55.91,63.05,57.99,78.27,74.75,78.09,79.58,80.55,79.79,79.06,77.08,81.13,81.89,81.12
DE,GERMANY,EUR,DE0006048432,HENKEL PREFERENCE,,,,40.31,50.04,40.67,58.18,57.23,63.99,82.17,78.87,79.78,79.81,76.2,76.4,78.3,78.01,72.26,72.08,70.39,75.94,81.03,78.09,75.68
DE,GERMANY,EUR,DE0006070006,HOCHTIEF,,,,,,,43.4,67.16,54.32,70.63,76.55,74.89,69.67,73.36,73.06,78.86,81.48,89.15,87.1,85.0,85.48,88.1,86.87,84.69
DE,GERMANY,EUR,DE0006202005,SALZGITTER,,,,,,24.71,20.48,23.36,34.8,33.92,49.01,44.25,44.17,30.41,28.97,29.06,27.54,35.66,54.23,56.81,59.34,63.1,65.14,66.51
DE,GERMANY,EUR,DE0006231004,INFINEON TECHNOLOGIES,,,,34.37,47.17,42.4,33.24,41.2,49.76,39.51,46.81,62.36,63.59,66.52,73.17,74.31,80.02,82.99,78.96,76.24,76.8,80.94,81.03,75.89
DE,GERMANY,EUR,DE0006569908,MLP,,,,34.53,28.19,37.53,22.7,24.67,48.62,54.62,47.1,52.88,45.45,36.77,31.31,32.4,40.55,28.28,43.37,47.51,51.18,58.76,61.09,53.49
DE,GERMANY,EUR,DE0006599905,MERCK KGAA,,,,20.0,14.65,16.31,26.22,14.48,20.5,52.7,64.76,69.37,69.09,73.21,72.05,74.96,80.02,80.5,78.67,84.0,83.62,85.25,88.19,86.62
DE,GERMANY,EUR,DE0006602006,GEA GROUP,,,,,,11.52,15.61,26.87,28.72,34.56,30.15,30.58,41.16,36.75,33.15,33.86,39.0,49.21,63.6,68.73,68.1,67.07,65.83,79.43
DE,GERMANY,EUR,DE0006969603,PUMA,,,,,,,36.82,34.02,47.07,62.66,58.67,69.24,63.7,77.4,73.76,72.03,74.53,72.93,74.5,73.06,80.75,79.82,83.44,85.15
DE,GERMANY,EUR,DE0007030009,RHEINMETALL,,,,,,29.21,23.67,24.7,18.6,17.51,16.97,33.75,32.29,37.93,39.27,39.17,45.66,43.89,38.96,43.44,70.8,79.31,76.86,81.59
DE,GERMANY,EUR,DE0007037129,RWE,,,,9.48,38.44,47.47,44.33,68.54,79.37,83.67,78.65,85.23,78.21,74.48,74.29,72.82,70.92,72.22,70.31,70.91,67.58,67.84,65.67,60.17
DE,GERMANY,EUR,DE0007042301,RHOEN-KLINIKUM,,,,,,15.48,29.49,35.4,51.9,45.43,42.76,38.35,46.53,36.29,37.13,31.59,32.81,26.73,32.36,35.71,33.8,33.27,38.1,36.52
DE,GERMANY,EUR,DE0007100000,MERCEDES-BENZ GROUP N,,,,48.28,60.66,62.97,74.95,81.86,84.66,86.19,85.07,88.18,91.23,94.54,94.57,90.88,93.03,92.21,91.32,93.6,93.21,93.41,93.37,91.97
DE,GERMANY,EUR,DE0007164600,SAP,,,,47.74,48.73,49.78,64.36,59.57,78.21,85.5,82.74,79.93,94.08,93.89,90.69,88.62,90.55,91.56,92.12,93.48,93.27,92.57,93.52,89.09
DE,GERMANY,EUR,DE0007236101,SIEMENS,,,,56.82,49.7,36.72,52.24,67.57,82.83,88.93,88.31,89.54,85.56,83.5,82.86,84.5,83.52,82.46,81.66,83.5,85.02,86.14,84.74,82.91
DE,GERMANY,EUR,DE0007257503,CECONOMY,,,,21.5,33.78,19.63,43.07,36.95,78.09,77.34,80.49,77.52,67.7,73.35,72.84,78.25,73.28,74.82,75.77,64.05,62.33,74.22,76.53,78.97
DE,GERMANY,EUR,DE0007297004,SUEDZUCKER,,,,17.05,19.79,15.6,15.76,14.29,9.7,12.22,22.09,14.05,22.95,17.01,23.32,35.43,33.64,48.24,44.37,48.19,53.88,59.47,62.48,60.29
DE,GERMANY,EUR,DE0007314007,HEIDELB.DRUCKMASCHINEN,,,,34.79,53.19,22.58,37.91,30.65,29.1,25.97,38.12,40.77,39.13,44.37,36.55,40.41,33.16,42.46,43.43,52.64,53.27,55.11,50.83,49.32
DE,GERMANY,EUR,DE0007500001,THYSSENKRUPP,,,,29.07,25.42,32.73,36.78,28.59,34.01,55.69,56.2,58.1,60.27,62.56,61.12,66.8,73.3,71.43,70.51,67.96,76.7,76.06,71.37,68.46
DE,GERMANY,EUR,DE0007664039,VOLKSWAGEN PREF.,,,,50.64,45.2,39.84,45.78,47.54,55.95,67.91,63.5,71.68,74.14,81.48,79.24,83.95,80.18,79.92,82.49,83.0,87.65,87.88,81.46,80.42
DE,GERMANY,EUR,DE0008232125,DEUTSCHE LUFTHANSA,,,,28.34,26.73,39.16,44.43,52.88,54.7,65.45,55.35,55.4,70.15,66.47,69.47,65.55,67.4,72.47,73.04,76.45,70.88,68.35,71.34,72.56
DE,GERMANY,EUR,DE0008402215,HANNOVER RUECK,,,,,,19.41,16.99,23.42,25.17,47.18,45.95,43.9,57.21,62.28,67.56,66.56,71.72,60.34,62.17,61.65,54.42,67.84,74.69,72.04
DE,GERMANY,EUR,DE0008404005,ALLIANZ,,,,37.63,26.73,63.59,73.53,72.52,77.95,80.16,84.55,83.12,86.13,84.36,88.67,86.12,88.46,86.65,86.03,94.95,94.01,93.59,91.76,90.1
DE,GERMANY,EUR,DE0008430026,MUENCHENER RUCK.,,,,47.72,41.21,54.29,46.66,59.0,65.95,63.35,76.39,77.12,76.48,73.08,68.56,71.97,69.87,69.96,82.77,82.96,84.44,87.61,82.28,85.99
DE,GERMANY,EUR,DE000A0D9PT0,MTU AERO ENGINES HLDG.,,,,,,,17.94,15.56,37.3,25.65,38.45,47.86,55.18,50.22,52.28,53.05,73.87,78.11,76.47,82.54,80.83,84.19,80.56,79.65
DE,GERMANY,EUR,DE000A0S8488,HAMB.HAFEN UD.LOGISTIK,,,,,,,,,25.65,25.3,19.59,41.4,43.01,47.52,46.96,46.05,45.81,47.57,51.96,56.37,68.71,69.52,62.46,60.52
DE,GERMANY,EUR,DE000A1EWWW0,ADIDAS,,,,57.46,46.8,46.75,22.27,26.99,68.4,77.83,87.1,87.24,90.91,92.28,90.93,86.72,93.5,88.42,85.62,86.32,90.92,91.61,88.64,89.44
DE,GERMANY,EUR,DE000BASF111,BASF,,,,58.54,45.5,53.11,67.81,69.57,74.16,75.74,82.33,88.1,87.08,86.3,86.79,88.61,87.9,83.78,84.02,89.96,90.93,92.03,92.28,90.92
DE,GERMANY,EUR,DE000BAY0017,BAYER,,,,24.36,41.01,48.7,71.56,62.55,80.06,79.06,74.47,77.81,77.06,73.76,74.65,73.85,74.95,82.92,84.92,89.83,89.29,89.92,90.41,92.43
DE,GERMANY,EUR,DE000CBK1001,COMMERZBANK,,,,37.95,27.26,55.85,49.96,53.83,51.91,52.52,65.03,61.81,66.21,68.33,66.32,67.1,62.79,69.59,73.44,70.02,70.77,76.66,75.95,76.26
DE,GERMANY,EUR,DE000CLS1001,MCKESSON EUROPE DEAD - DELIST.15/06/23,,,,18.98,13.46,21.78,34.82,15.52,20.13,16.75,21.78,26.4,42.66,37.02,32.5,32.86,33.64,30.39,38.37,36.9,40.68,41.72,44.29,
DE,GERMANY,EUR,DE000ENAG999,E ON N,,,,27.6,28.45,50.12,46.93,56.83,53.63,67.64,66.96,60.46,75.29,81.46,82.04,79.53,78.35,77.42,67.98,74.86,74.61,69.31,67.35,73.5
DE,GERMANY,EUR,DE000KSAG888,K + S,,,,,,49.62,52.41,56.15,48.73,51.73,44.2,52.63,48.45,49.05,54.54,52.4,37.92,36.99,44.5,52.28,53.52,55.46,51.55,59.35
DE,GERMANY,EUR,DE000PSM7770,PROSIEBENSAT 1 MEDIA,,,,39.38,20.18,34.76,19.35,32.51,36.61,36.75,35.98,37.26,39.72,28.39,35.69,33.33,55.9,59.25,68.39,72.87,73.87,73.83,72.39,69.59
DE,GERMANY,EUR,DE000TUAG505,TUI N,,,,42.64,45.02,38.58,45.0,60.22,55.09,60.44,71.19,75.16,67.32,67.74,66.16,76.12,73.59,83.77,82.62,84.82,82.27,78.35,78.2,75.89
DK,DENMARK,EUR,DK0010181759,CARLSBERG B,,,,19.63,15.02,15.72,16.37,14.3,18.48,43.34,56.13,61.11,71.85,68.74,68.83,71.99,70.08,69.37,70.5,69.43,73.95,75.56,73.05,72.7
DK,DENMARK,EUR,DK0010219153,ROCKWOOL B,,,,,,,,,14.39,36.58,59.58,54.03,49.81,54.61,55.77,54.18,56.06,59.32,58.48,62.07,66.66,66.12,66.49,65.44
DK,DENMARK,EUR,DK0010234467,FLSMIDTH AND CO.,,,,,,,20.13,17.1,21.54,34.07,37.71,55.32,56.79,58.76,63.9,66.29,61.64,64.91,68.11,69.49,62.29,57.49,53.36,60.08
DK,DENMARK,EUR,DK0010244508,A P MOLLER MAERSK B,,,,10.73,16.93,17.86,16.4,18.73,31.19,45.45,62.79,61.86,60.46,59.82,57.08,51.95,61.1,56.55,57.74,61.58,66.57,65.83,67.13,67.77
DK,DENMARK,EUR,DK0010272632,GN STORE NORD,,,,25.96,27.0,29.88,33.16,30.36,16.49,34.57,29.07,28.45,47.53,47.8,47.22,53.45,48.66,59.18,48.43,50.2,51.08,56.31,55.64,60.91
DK,DENMARK,EUR,DK0010274414,DANSKE BANK,,,,,,,44.99,56.55,63.04,70.06,73.03,76.17,77.67,72.94,72.41,67.77,63.0,62.56,69.38,73.82,73.0,73.98,74.94,69.45
DK,DENMARK,EUR,DK0010287663,NKT,,,,18.85,18.93,32.77,15.99,15.64,28.29,39.06,57.89,51.98,43.79,48.97,55.51,51.51,44.61,39.88,41.74,53.53,53.76,56.58,58.07,56.41
DK,DENMARK,EUR,DK0010307958,JYSKE BANK,,,,,,13.31,9.36,8.98,3.7,5.6,4.43,9.61,12.31,11.64,14.6,26.73,40.64,42.91,42.48,43.87,50.84,44.79,47.28,47.44
DK,DENMARK,EUR,DK0010311471,SYDBANK,,,,,,6.81,7.7,6.82,10.2,8.19,12.41,12.72,9.7,11.6,13.47,17.8,16.46,25.13,28.69,29.01,29.7,47.24,42.67,34.84
DK,DENMARK,EUR,DK0060079531,DSV,,,,17.7,30.47,24.04,12.44,23.5,31.66,23.83,29.32,41.57,51.74,45.08,50.62,58.18,64.2,55.92,60.37,64.39,66.14,71.9,72.56,79.16
DK,DENMARK,EUR,DK0060336014,NOVOZYMES B,,,,,71.24,76.31,43.08,42.37,66.14,58.7,66.94,68.59,72.59,75.31,70.11,74.73,76.1,78.68,76.82,78.48,79.97,77.06,74.08,72.13
DK,DENMARK,EUR,DK0060448595,COLOPLAST B,,,,36.4,40.64,37.45,41.84,48.48,47.46,56.91,59.8,59.14,55.87,54.51,54.23,54.55,63.36,63.13,59.38,60.24,61.5,68.3,68.0,71.45
DK,DENMARK,EUR,DK0060477503,TOPDANMARK,,,,14.17,12.95,17.52,33.93,25.26,28.06,34.17,36.85,37.71,41.14,36.51,38.55,39.76,36.96,36.72,40.61,41.15,43.07,43.75,55.1,51.3
DK,DENMARK,EUR,DK0060636678,TRYG,,,,,,19.67,15.7,30.31,53.59,56.75,52.15,67.23,55.07,42.97,45.86,48.4,44.27,45.59,42.57,40.51,48.91,51.89,65.97,58.3
DK,DENMARK,EUR,DK0060738599,DEMANT,,,,16.82,11.99,9.96,18.77,8.97,13.42,11.63,7.5,13.64,11.63,25.33,25.21,33.3,35.94,39.03,43.57,45.96,45.23,46.55,48.82,52.93
DK,DENMARK,EUR,DK0061539921,VESTAS WINDSYSTEMS,,,,48.78,41.98,38.66,40.88,47.24,54.24,60.81,70.42,70.91,67.58,62.88,68.55,64.28,58.21,62.27,74.66,80.67,72.51,77.47,70.8,69.32
DK,DENMARK,EUR,DK0061804697,H LUNDBECK A,,,,34.52,22.41,33.19,42.28,41.75,28.21,33.53,29.02,43.68,50.64,55.86,54.72,50.39,46.77,42.93,47.85,50.12,58.39,61.25,59.46,53.95
ES,SPAIN,EUR,ES0109427734,ATRESMEDIA CORP,,,,24.24,16.73,28.97,32.73,30.12,51.77,56.62,45.82,50.68,79.86,71.07,67.71,71.74,75.78,66.46,66.99,73.21,70.16,76.38,72.09,71.17
ES,SPAIN,EUR,ES0112501012,EBRO FOODS,,,,11.35,31.71,25.92,27.11,34.51,27.09,42.63,52.42,50.13,52.0,49.91,48.2,60.71,60.57,60.29,59.05,61.04,64.44,68.0,68.05,69.15
ES,SPAIN,EUR,ES0113211835,BBV.ARGENTARIA,,,,71.53,84.41,68.01,64.31,68.5,88.07,85.5,86.76,82.94,84.89,83.41,83.83,87.06,90.21,87.41,91.17,87.25,81.31,78.92,86.1,88.68
ES,SPAIN,EUR,ES0113679I37,BANKINTER 'R',,,,,,34.55,37.89,44.6,71.07,76.74,77.83,79.07,74.54,76.94,68.28,74.31,72.5,74.97,76.38,77.55,79.05,79.65,77.57,76.19
ES,SPAIN,EUR,ES0113860A34,BANCO DE SABADELL,,,,,,46.18,52.73,54.22,65.1,66.99,53.19,70.95,66.87,69.73,64.99,60.2,70.15,67.42,64.86,77.04,79.11,79.06,83.49,90.17
ES,SPAIN,EUR,ES0113900J37,BANCO SANTANDER,,,,62.89,53.2,48.54,61.07,67.09,77.19,81.39,87.8,87.36,84.62,81.51,83.57,86.21,86.02,88.79,88.9,90.35,91.33,91.64,92.49,89.37
ES,SPAIN,EUR,ES0116870314,NATURGY ENERGY,,,,,,,59.58,56.03,63.94,61.4,58.16,68.32,74.18,76.7,77.42,77.84,78.92,78.7,81.31,78.93,80.13,80.03,79.08,78.77
ES,SPAIN,EUR,ES0117160111,CORPORACION FINCA.ALBA,,,,,,24.63,29.38,23.26,30.53,21.36,17.02,8.47,16.02,12.32,21.45,12.21,11.5,15.61,21.15,22.55,46.1,63.96,54.96,53.72
ES,SPAIN,EUR,ES0118594417,INDRA SISTEMAS,,,,41.69,46.53,52.9,48.21,52.15,62.41,70.2,79.95,74.04,65.49,66.93,67.31,82.62,75.22,72.97,77.92,78.23,76.1,70.08,79.04,76.93
ES,SPAIN,EUR,ES0122060314,FOMENTO CONSTR.Y CNTR.,,,,31.34,19.83,24.09,35.73,38.21,58.51,71.79,80.33,72.01,62.9,59.77,60.03,59.26,62.91,62.43,59.61,60.19,63.83,60.4,63.28,
ES,SPAIN,EUR,ES0124244E34,MAPFRE,,,,29.01,23.3,62.65,45.5,23.38,30.03,52.8,63.67,56.9,60.86,61.71,65.7,65.66,65.34,74.94,72.69,84.56,76.98,66.38,74.86,74.75
ES,SPAIN,EUR,ES0125220311,ACCIONA,,,,,,63.96,73.51,80.79,88.66,78.32,80.74,82.52,85.03,78.94,77.42,78.68,77.94,83.0,83.94,89.93,87.97,88.22,86.11,85.97
ES,SPAIN,EUR,ES0130670112,ENDESA,,,,,,45.19,53.43,58.19,65.64,90.88,93.16,90.49,82.74,72.04,74.28,72.12,74.55,75.44,77.2,83.77,83.39,86.32,86.99,82.97
ES,SPAIN,EUR,ES0130960018,ENAGAS,,,,,,48.65,41.93,43.19,49.67,69.96,64.98,71.95,64.49,73.52,76.32,74.41,79.32,75.52,75.04,80.05,79.0,81.84,79.83,
ES,SPAIN,EUR,ES0132105018,ACERINOX 'R',,,,9.99,17.26,5.6,11.35,9.62,25.17,28.57,32.52,32.74,44.25,50.83,43.86,37.56,39.52,52.01,55.01,66.11,67.75,72.56,81.21,79.31
ES,SPAIN,EUR,ES0134950F36,FAES FARMA,,,,,,9.62,8.11,7.65,4.84,2.07,2.96,2.96,1.81,1.46,0.63,1.35,0.69,0.99,21.2,22.29,33.89,57.26,56.63,
ES,SPAIN,EUR,ES0144580Y14,IBERDROLA,,,,48.35,57.52,49.49,69.86,91.85,82.14,86.46,90.31,83.71,86.89,83.97,84.53,87.25,90.19,84.95,89.77,85.5,85.99,84.76,83.75,82.0
ES,SPAIN,EUR,ES0148396007,INDITEX,,,,62.64,62.08,71.39,55.67,60.24,57.92,71.37,79.23,76.51,69.15,85.09,89.87,87.02,89.54,87.86,77.17,84.36,79.66,82.05,82.87,77.48
ES,SPAIN,EUR,ES0152503035,MEDIASET ESPANA COMUNICACION,,,,,,22.37,33.84,48.02,66.24,69.38,57.26,59.56,54.43,57.72,60.86,56.84,56.73,57.22,63.23,70.56,70.7,66.95,60.79,
ES,SPAIN,EUR,ES0161560018,NH HOTEL GR,,,,24.46,27.36,26.25,28.03,41.4,40.77,64.5,67.04,76.69,75.58,70.95,71.11,76.8,68.58,77.95,85.6,89.73,88.58,90.2,90.86,88.97
ES,SPAIN,EUR,ES0167050915,ACS ACTIV.CONSTR.Y SERV.,,,,38.94,41.99,47.5,35.65,62.12,65.74,64.72,62.76,63.21,70.14,62.82,57.69,59.27,63.33,61.73,63.93,64.32,67.03,70.98,68.17,
ES,SPAIN,EUR,ES0171743901,PROMOTORA DE INFIC. 'A' (GRUPO PRISA),,,,29.75,26.81,20.53,13.45,24.62,43.4,52.18,50.53,55.13,55.56,52.64,62.26,66.31,72.79,65.11,54.95,56.21,58.92,69.53,63.75,80.09
ES,SPAIN,EUR,ES0171996087,GRIFOLS ORD CL A,,,,,,,,29.84,27.53,30.86,34.36,47.04,38.45,43.99,43.78,57.32,53.05,56.73,59.37,66.09,73.52,72.74,71.07,
ES,SPAIN,EUR,ES0173093024,REDEIA CORPORACION,,,,,,50.24,57.39,50.13,75.26,74.88,67.37,68.87,67.6,63.56,64.2,70.02,73.08,81.44,76.95,71.61,75.34,73.41,79.07,80.66
ES,SPAIN,EUR,ES0173516115,REPSOL YPF,,,,,,,67.33,65.16,71.43,83.25,85.49,78.52,82.24,73.75,74.8,73.92,75.99,76.2,77.17,84.13,87.72,82.84,85.26,
ES,SPAIN,EUR,ES0178430E18,TELEFONICA,,,,66.64,57.25,68.88,74.35,80.16,73.74,79.76,85.83,81.52,86.14,81.55,87.91,86.02,86.84,85.44,82.25,85.58,81.69,78.68,79.07,80.3
ES,SPAIN,EUR,ES0182870214,SACYR,,,,,,,17.67,10.41,51.19,64.68,58.96,56.65,60.07,59.87,66.33,60.23,56.2,51.95,53.37,57.95,59.62,73.89,79.79,
ES,SPAIN,EUR,ES0184933812,ZARDOYA OTIS DEAD - DELIST.09/05/22,,,,,,15.92,36.33,37.08,42.02,34.81,46.29,45.45,42.88,33.13,27.57,33.68,23.66,26.89,29.89,30.75,39.4,46.67,50.75,
FI,FINLAND,EUR,FI0009000202,KESKO B,,,,79.08,67.17,78.1,33.47,54.28,70.07,82.4,80.74,76.48,77.66,78.57,77.0,71.72,68.5,67.64,62.56,59.44,68.14,72.28,74.96,76.92
FI,FINLAND,EUR,FI0009000277,TIETOEVRY,,,,,,,49.32,45.35,62.54,67.12,69.1,70.85,70.27,67.51,61.24,61.68,64.27,66.16,58.46,69.03,63.1,61.58,60.08,62.35
FI,FINLAND,EUR,FI0009000681,NOKIA,,,,61.0,65.93,67.19,66.81,68.11,66.64,78.17,79.67,82.6,81.74,88.41,84.37,80.3,87.32,89.66,91.33,91.32,91.58,92.03,86.74,82.82
FI,FINLAND,EUR,FI0009002158,UPONOR,,,,39.66,36.78,40.17,38.03,40.98,28.73,45.39,49.28,46.52,43.18,42.53,40.57,39.38,42.47,50.49,59.62,58.34,59.48,60.96,72.75,76.04
FI,FINLAND,EUR,FI0009002422,OUTOKUMPU 'A',,,,34.18,34.35,51.08,63.05,63.12,68.39,64.26,80.04,66.72,67.06,64.46,65.3,68.08,68.79,70.69,70.76,79.52,88.23,87.91,84.91,84.83
FI,FINLAND,EUR,FI0009003727,WARTSILA,,,,81.44,56.64,77.35,65.77,60.18,53.26,60.02,66.32,65.0,64.88,63.18,63.76,66.78,75.29,71.85,75.72,77.66,83.15,84.33,82.31,78.03
FI,FINLAND,EUR,FI0009005318,NOKIAN RENKAAT,,,,23.68,27.47,22.51,11.1,37.19,22.93,24.01,21.53,26.02,32.86,31.33,34.65,36.83,47.02,47.95,58.71,59.49,62.88,66.03,64.57,64.49
FI,FINLAND,EUR,FI0009005870,KONECRANES,,,,14.78,8.6,37.02,22.32,10.95,15.07,17.32,19.61,44.92,41.7,57.36,57.57,59.85,58.79,59.86,61.96,71.46,78.63,76.72,76.56,80.45
FI,FINLAND,EUR,FI0009005961,STORA ENSO R,,,,,,,66.04,38.42,66.61,67.32,65.96,76.88,74.48,79.71,78.69,82.61,79.61,82.69,83.65,81.26,83.0,85.64,84.96,83.01
FI,FINLAND,EUR,FI0009005987,UPM-KYMMENE,,,,52.89,65.53,60.08,67.27,74.79,76.51,78.31,79.37,76.0,67.55,62.63,67.41,69.16,79.38,82.92,84.85,86.71,88.79,88.77,88.33,88.26
FI,FINLAND,EUR,FI0009007132,FORTUM,,,,,,,33.6,41.44,62.87,62.58,58.48,69.79,65.94,69.89,72.15,79.65,77.58,72.66,72.07,74.48,75.51,79.16,71.54,68.74
FI,FINLAND,EUR,FI0009007694,SANOMA,,,,,,15.72,20.8,20.92,34.64,36.64,32.0,45.11,43.05,50.82,51.56,53.58,56.41,55.02,48.19,55.45,61.52,77.03,78.8,77.79
FI,FINLAND,EUR,FI0009007884,ELISA,,,,20.84,28.91,36.59,22.04,28.77,32.19,30.24,36.49,33.12,43.53,45.45,44.11,47.9,50.83,48.9,54.42,51.87,55.52,57.19,55.53,54.52
FI,FINLAND,EUR,FI0009013296,NESTE,,,,,,,21.81,25.75,59.64,60.76,59.08,66.88,78.66,69.0,69.45,68.87,68.63,77.57,73.38,77.98,74.89,72.44,79.03,78.5
FI,FINLAND,EUR,FI0009013403,KONE B,,,,18.48,20.32,8.17,10.99,10.58,20.33,31.67,37.29,33.83,49.19,48.33,47.78,48.38,51.88,57.02,53.59,58.62,59.41,65.79,66.66,63.11
FI,FINLAND,EUR,FI0009013429,CARGOTEC B,,,,,,,24.85,20.98,35.43,43.37,44.75,52.12,49.4,47.84,49.47,50.67,56.26,56.93,61.25,73.11,73.03,75.93,72.06,74.99
FI,FINLAND,EUR,FI0009800643,YIT,,,,22.22,14.8,17.97,23.01,15.5,14.84,22.42,36.41,40.46,54.74,58.87,57.29,44.16,52.79,51.73,53.62,59.33,60.74,68.35,67.23,65.72
FI,FINLAND,EUR,FI4000297767,NORDEA BANK,,,,,,,32.76,42.26,43.81,63.91,56.28,63.88,71.71,69.09,69.66,66.71,65.1,65.26,64.02,74.72,67.41,70.94,76.0,75.2
FI,FINLAND,EUR,FI4000440664,NELES DEAD - DELIST.01/04/22,,,,44.07,39.99,59.34,56.36,45.89,58.35,68.0,74.64,79.45,74.01,67.67,67.01,76.62,80.23,73.99,76.39,77.36,64.71,64.62,81.56,
FR,FRANCE ,EUR,FR0000035081,ICADE REIT,,,,,,,,11.29,27.09,32.61,26.25,30.89,36.4,44.47,32.07,41.36,45.02,63.1,76.53,79.87,70.7,73.23,68.81,71.84
FR,FRANCE ,EUR,FR0000039109,SECHE ENVIRONNEMENT,,,,,,17.59,23.47,23.89,33.6,36.27,35.06,28.2,28.28,31.46,32.4,42.55,43.03,48.75,50.0,50.33,48.36,47.19,46.65,44.43
FR,FRANCE ,EUR,FR0000044448,NEXANS,,,,,,27.22,20.31,25.88,28.4,36.72,37.65,36.42,55.96,55.34,52.96,58.73,68.05,59.06,72.5,84.67,83.83,79.39,80.08,80.02
FR,FRANCE ,EUR,FR0000045072,CREDIT AGRICOLE,,,,24.5,28.41,24.75,57.02,65.06,67.68,64.72,72.11,68.43,69.75,71.23,67.12,60.93,61.66,60.94,71.56,63.71,71.44,69.54,66.27,
FR,FRANCE ,EUR,FR0000051732,ATOS,,,,,,,47.47,34.87,51.19,40.21,60.26,54.15,54.18,50.88,56.59,65.91,68.63,67.58,73.0,74.29,66.58,74.41,75.48,
FR,FRANCE ,EUR,FR0000052292,HERMES INTL.,,,,,,,25.46,29.47,37.99,28.9,41.46,38.51,50.54,52.41,46.28,37.74,43.6,42.7,53.52,55.79,56.61,65.95,63.98,57.94
FR,FRANCE ,EUR,FR0000053225,M6-METROPOLE TV,,,,,,31.61,33.11,30.26,31.72,37.84,37.8,28.38,44.69,42.58,47.02,52.59,51.37,53.32,52.82,53.54,66.0,65.07,70.34,62.28
FR,FRANCE ,EUR,FR0000054470,UBISOFT ENTERTAINMENT CAT A,,,,,,,,,15.56,17.58,16.99,13.16,10.63,17.9,19.86,42.16,43.15,43.0,50.03,51.6,49.66,58.42,63.24,52.28
FR,FRANCE ,EUR,FR0000054900,TF1 (TV.FSE.1),,,,42.37,27.5,39.68,37.6,29.99,50.29,58.0,53.34,58.01,56.47,58.96,58.38,72.47,69.19,77.77,75.32,79.25,73.42,76.3,79.47,78.02
FR,FRANCE ,EUR,FR0000064578,COVIVIO,,,,,,18.12,14.15,15.55,44.31,40.32,49.13,60.06,73.23,73.6,74.6,70.2,72.66,63.03,62.08,63.35,78.9,79.85,81.63,
FR,FRANCE ,EUR,FR0000073272,SAFRAN,,,,12.64,32.11,35.47,43.12,33.55,31.1,41.15,48.47,35.85,41.0,35.89,37.89,37.58,40.2,40.42,54.94,56.85,57.99,64.21,61.6,71.1
FR,FRANCE ,EUR,FR0000077919,JCDECAUX,,,,,,46.23,41.93,45.5,54.82,63.4,55.99,53.16,59.98,74.42,69.79,72.44,60.89,71.81,73.76,75.03,78.21,75.05,78.71,80.47
FR,FRANCE ,EUR,FR0000120073,L AIR LQE.SC.ANYME. POUR L ETUDE ET L EPXTN.,,,,,,,56.21,48.28,45.99,58.93,62.61,64.05,59.87,58.37,57.63,58.27,63.74,58.81,63.24,68.58,76.76,75.49,72.64,85.73
FR,FRANCE ,EUR,FR0000120172,CARREFOUR,,,,34.84,25.3,29.57,33.24,43.15,73.32,79.96,78.43,73.41,77.05,75.06,74.09,65.04,66.4,71.93,78.63,77.83,77.49,74.19,77.94,80.63
FR,FRANCE ,EUR,FR0000120222,CNP ASSURANCES DEAD - DELIST.20/06/22,,,,,,,58.49,49.13,49.51,53.41,46.66,52.29,55.94,62.94,57.31,51.53,57.09,53.41,66.63,67.6,63.87,74.21,71.81,
FR,FRANCE ,EUR,FR0000120271,TOTALENERGIES,,,,48.05,42.73,54.24,65.65,58.45,67.18,67.94,68.3,62.47,86.29,83.93,82.86,86.15,84.9,89.38,89.34,84.89,85.64,89.48,83.93,82.51
FR,FRANCE ,EUR,FR0000120321,L'OREAL,,,,27.23,40.46,43.84,58.33,64.46,74.4,77.68,83.25,84.21,77.91,81.0,79.78,81.89,86.7,83.23,76.22,78.52,79.27,78.31,80.07,78.87
FR,FRANCE ,EUR,FR0000120404,ACCOR,,,,39.01,56.46,52.8,65.81,62.12,59.56,53.64,51.9,61.22,69.42,64.25,69.02,68.73,75.16,75.08,79.49,77.98,81.17,81.97,80.58,79.6
FR,FRANCE ,EUR,FR0000120503,BOUYGUES,,,,41.03,38.82,36.51,41.43,40.34,46.45,60.35,68.69,70.93,59.77,57.79,57.11,59.01,63.16,61.62,64.55,66.71,65.43,72.98,69.88,73.79
FR,FRANCE ,EUR,FR0000120560,QUADIENT,,,,20.54,35.63,47.73,23.28,33.73,24.05,15.97,32.45,28.79,26.17,30.48,38.69,33.05,38.35,51.69,64.5,74.39,78.15,75.48,86.31,87.45
FR,FRANCE ,EUR,FR0000120578,SANOFI,,,,32.5,33.57,57.24,42.12,58.07,76.7,76.14,74.44,73.21,84.99,86.85,88.66,84.89,82.6,85.29,85.27,89.42,89.04,89.54,90.66,89.74
FR,FRANCE ,EUR,FR0000120628,AXA,,,,52.74,58.85,54.82,72.22,69.0,84.84,80.57,81.36,81.34,82.72,83.34,81.3,86.52,82.38,76.11,82.23,85.99,84.4,81.2,79.79,77.41
FR,FRANCE ,EUR,FR0000120644,DANONE,,,,,,,71.81,79.96,75.17,79.58,87.29,85.37,88.47,84.3,84.38,84.14,86.32,85.03,84.61,85.51,82.98,83.27,82.74,85.22
FR,FRANCE ,EUR,FR0000120693,PERNOD-RICARD,,,,25.0,31.6,52.03,25.42,30.49,33.34,39.38,48.22,52.49,52.87,55.75,58.98,64.29,58.83,70.53,67.96,73.1,68.74,69.42,71.19,66.76
FR,FRANCE ,EUR,FR0000120859,IMERYS,,,,,,,35.63,44.81,73.22,70.39,71.11,70.85,63.12,65.66,64.79,63.71,67.73,69.38,71.96,76.63,76.13,78.19,78.67,78.19
FR,FRANCE ,EUR,FR0000120966,BIC,,,,,,,48.91,65.6,71.17,76.76,80.02,79.92,78.32,76.19,73.91,74.11,79.99,73.57,69.55,70.24,78.53,79.62,70.4,74.4
FR,FRANCE ,EUR,FR0000121014,LVMH,,,,41.92,44.58,50.55,48.46,46.86,43.71,51.04,45.58,49.69,60.72,59.56,57.75,64.0,60.93,61.42,57.12,59.49,68.81,69.09,72.86,74.57
FR,FRANCE ,EUR,FR0000121121,EURAZEO,,,,,,10.87,28.72,23.5,29.41,40.76,45.98,42.44,41.52,39.76,39.46,38.58,44.59,43.75,55.62,56.14,52.56,65.85,55.63,56.68
FR,FRANCE ,EUR,FR0000121204,WENDEL,,,,,,12.34,14.98,16.71,28.92,21.07,21.76,42.63,38.0,38.76,43.4,57.6,56.84,72.82,78.47,80.41,85.11,82.5,81.77,77.65
FR,FRANCE ,EUR,FR0000121220,SODEXO,,,,56.96,64.24,62.15,56.8,70.37,81.1,80.78,76.97,83.76,82.36,82.26,80.69,71.89,75.37,81.69,81.86,80.99,75.4,79.54,78.11,77.03
FR,FRANCE ,EUR,FR0000121329,THALES,,,,32.05,33.58,9.23,8.89,13.7,38.68,43.57,50.12,44.12,42.83,44.23,44.54,45.3,42.11,45.93,46.66,49.92,53.87,55.95,60.96,60.31
FR,FRANCE ,EUR,FR0000121485,KERING,,,,38.76,42.37,54.51,58.55,63.98,76.88,72.93,60.92,66.04,61.72,75.77,75.47,74.46,65.12,76.82,80.06,79.27,77.55,79.47,77.93,74.86
FR,FRANCE ,EUR,FR0000121667,ESSILORLUXOTTICA,,,,45.52,62.72,43.69,47.82,40.41,48.6,44.86,41.42,42.9,45.85,51.29,53.03,55.29,55.79,65.07,78.93,76.99,69.43,71.01,73.59,70.74
FR,FRANCE ,EUR,FR0000121964,KLEPIERRE REIT,,,,46.68,28.58,55.78,47.57,33.27,44.59,49.33,54.33,49.46,52.7,55.21,52.29,70.52,77.35,84.1,79.84,81.94,82.0,77.79,76.82,77.13
FR,FRANCE ,EUR,FR0000121972,SCHNEIDER ELECTRIC,,,,41.52,52.87,49.76,59.36,65.31,64.33,64.22,68.09,64.68,61.88,65.18,65.5,62.67,64.54,66.41,68.21,73.68,70.71,72.43,74.86,76.51
FR,FRANCE ,EUR,FR0000124141,VEOLIA ENVIRON,,,,46.25,30.82,47.47,47.33,46.2,51.94,72.59,81.49,76.61,82.59,77.67,78.9,71.75,71.57,69.8,72.89,70.1,77.07,72.17,69.74,74.14
FR,FRANCE ,EUR,FR0000125007,SAINT GOBAIN,,,,48.47,48.16,49.57,52.76,51.2,62.11,70.92,62.35,65.76,70.15,68.04,73.87,82.7,85.11,82.22,80.53,81.62,84.36,81.06,87.39,
FR,FRANCE ,EUR,FR0000125338,CAPGEMINI,,,,37.03,31.51,43.66,38.41,51.95,64.61,63.71,61.33,64.65,54.78,58.17,45.57,54.2,52.75,57.14,58.08,63.5,70.03,65.86,68.2,64.4
FR,FRANCE ,EUR,FR0000125486,VINCI,,,,42.39,35.5,43.5,68.52,62.54,67.1,57.48,69.84,74.91,71.39,64.81,65.52,68.59,67.2,82.75,82.31,82.37,80.03,82.02,82.31,83.52
FR,FRANCE ,EUR,FR0000125585,CASINO GUICHARD-P,,,,,,,57.3,36.95,51.73,57.66,66.43,66.33,60.13,63.84,62.53,72.79,68.03,70.8,79.6,82.67,76.06,74.64,75.53,72.29
FR,FRANCE ,EUR,FR0000127771,VIVENDI,,,,50.97,43.23,43.2,45.05,55.4,67.17,72.27,83.01,87.84,83.76,84.17,83.8,80.87,82.05,85.89,84.95,82.55,83.76,84.97,83.32,84.73
FR,FRANCE ,EUR,FR0000130213,LAGARDERE GROUPE,,,,,,20.77,24.84,44.19,61.7,54.79,61.03,58.09,68.53,77.84,70.2,67.97,66.54,67.31,66.66,81.44,78.14,75.9,72.93,68.37
FR,FRANCE ,EUR,FR0000130403,CHRISTIAN DIOR,,,,,,25.06,24.55,24.27,35.51,45.47,49.97,48.14,57.02,51.85,57.94,57.68,51.56,58.22,59.84,71.19,70.45,59.97,69.16,71.08
FR,FRANCE ,EUR,FR0000130452,EIFFAGE,,,,,,30.11,19.4,27.14,51.29,62.42,52.66,69.04,60.8,65.9,66.12,65.55,70.56,74.23,75.96,82.44,79.48,86.22,85.69,81.73
FR,FRANCE ,EUR,FR0000130577,PUBLICIS GROUPE,,,,35.71,43.63,57.28,47.19,37.83,42.63,41.24,64.2,69.81,62.07,57.55,61.9,68.61,79.9,82.68,82.14,85.33,82.68,84.34,83.72,81.39
FR,FRANCE ,EUR,FR0000130809,SOCIETE GENERALE,,,,52.12,44.41,41.68,66.45,72.12,76.87,77.66,84.87,84.43,84.5,84.28,85.09,84.01,85.09,88.5,87.79,88.26,86.95,86.26,83.0,82.95
FR,FRANCE ,EUR,FR0000131104,BNP PARIBAS,,,,37.67,45.92,43.08,60.31,72.93,69.45,67.38,69.18,74.04,73.5,82.17,82.32,80.36,91.22,91.46,95.74,94.65,95.2,95.01,94.69,
FR,FRANCE ,EUR,FR0000131757,ERAMET,,,,,,,,,31.86,42.78,36.45,51.95,52.8,54.8,59.56,53.87,68.2,58.97,56.17,76.93,74.79,74.28,79.25,78.49
FR,FRANCE ,EUR,FR0000131906,RENAULT,,,,47.98,34.29,50.73,70.5,76.04,80.54,78.21,71.76,74.31,81.53,75.74,73.78,77.76,85.32,84.38,84.67,82.6,82.69,81.59,87.09,88.47
FR,FRANCE ,EUR,FR0000133308,ORANGE,,,,39.3,57.86,78.86,83.17,80.98,74.89,71.36,75.4,71.06,82.54,78.26,79.0,68.46,66.53,63.5,70.74,74.3,77.65,78.36,75.65,77.2
FR,FRANCE ,EUR,FR0010040865,GECINA,,,,37.43,41.19,39.96,46.35,50.37,49.85,52.72,63.1,72.51,76.96,78.64,79.96,82.82,86.55,85.69,77.89,86.67,85.74,86.48,85.33,87.23
FR,FRANCE ,EUR,FR0010220475,ALSTOM,,,,40.99,41.51,37.69,61.64,60.29,60.09,77.01,77.04,78.82,78.86,82.21,87.14,83.02,86.16,86.11,84.61,89.56,86.58,87.32,87.32,89.74
FR,FRANCE ,EUR,FR0010221234,EUTELSAT COMMUNICATIONS,,,,,,,,,19.37,21.97,15.7,24.85,23.74,36.52,40.51,48.74,50.1,57.05,54.12,54.1,66.27,68.21,64.19,66.13
FR,FRANCE ,EUR,FR0010242511,EDF DEAD - DELIST.08/06/23,,,,,,,77.68,80.13,66.31,52.37,61.62,67.44,66.95,70.57,68.51,64.5,60.26,70.51,71.85,74.49,69.74,75.15,,
FR,FRANCE ,EUR,FR0010307819,LEGRAND,,,,,,,,20.5,43.01,52.2,45.5,54.0,50.98,65.13,68.44,72.18,77.88,87.26,89.0,89.31,87.68,88.74,86.79,86.25
FR,FRANCE ,EUR,FR0010313833,ARKEMA,,,,,,,,,24.36,30.1,30.57,31.82,29.51,48.74,53.35,57.75,74.81,69.85,78.92,80.98,78.97,80.05,78.59,81.66
FR,FRANCE ,EUR,FR0010340141,ADP,,,,,,23.83,46.57,47.71,50.59,49.68,52.35,54.0,64.74,61.75,68.83,66.11,72.14,71.98,66.93,75.56,71.07,70.57,66.48,65.8
FR,FRANCE ,EUR,FR0010411983,SCOR SE,,,,29.18,46.62,49.16,35.02,30.33,28.35,38.48,49.43,46.06,56.78,52.33,52.16,55.11,58.2,61.42,69.06,70.21,74.64,70.15,66.27,61.04
FR,FRANCE ,EUR,FR0010533075,GETLINK,,,,,,,,,37.18,48.95,42.8,52.53,52.98,62.92,68.68,75.04,77.17,75.76,75.44,79.5,80.55,83.5,84.37,85.68
FR,FRANCE ,EUR,FR0013280286,BIOMERIEUX,,,,,,,,,28.29,30.14,44.58,44.95,51.43,43.99,47.78,44.88,50.68,52.29,54.35,64.1,71.21,70.26,66.97,69.65
FR,FRANCE ,EUR,FR0013326246,UNIBAIL RODAMCO WE STAPLED UNITS,,,,,,,31.4,24.46,73.65,84.19,84.56,86.02,92.91,91.15,91.61,90.48,89.05,84.85,89.64,88.54,90.78,88.39,89.62,89.78
FR,FRANCE ,EUR,FR0013505062,VANTIVA,,,,58.37,50.71,46.48,45.27,50.39,68.7,65.57,82.74,74.61,77.85,68.51,62.37,68.23,67.28,71.9,67.52,66.91,69.69,77.19,86.2,84.77
FR,FRANCE ,EUR,FR0013506730,VALLOUREC,,,,,,28.67,26.31,25.39,50.01,55.74,51.65,67.63,67.12,77.79,74.69,71.81,75.04,69.21,78.94,79.93,79.78,84.79,82.05,76.5
FR,FRANCE ,EUR,FR00140006O9,SOLOCAL GROUP,,,,,,,33.36,23.34,27.12,35.57,31.93,28.84,35.6,31.74,34.76,28.17,34.25,43.73,43.68,47.77,53.17,48.9,47.74,62.57
FR,FRANCE ,EUR,FR0014003TT8,DASSAULT SYSTEMES,,,,34.49,31.68,45.31,43.09,45.14,65.54,53.08,56.31,44.4,52.76,51.5,47.64,50.27,54.49,56.78,58.47,56.58,57.7,63.52,65.87,66.62
FR,FRANCE ,EUR,FR001400AJ45,MICHELIN,,,,35.22,44.92,54.28,25.47,32.32,70.32,59.12,62.7,66.86,64.27,64.61,66.56,75.52,75.39,80.4,81.84,80.9,84.33,85.07,86.09,85.88
GB,UNITED KINGDOM ,EUR,GB0000163088,SPEEDY HIRE,,,,,,34.5,34.67,26.18,17.36,26.14,36.71,60.13,52.83,71.75,74.63,62.44,43.99,37.28,55.06,59.04,55.61,60.69,62.62,59.78
GB,UNITED KINGDOM ,EUR,GB0000456144,ANTOFAGASTA,,,,,,26.67,22.52,23.33,39.18,57.31,60.39,62.07,50.51,50.33,59.98,58.15,72.2,62.02,60.7,67.72,72.81,73.12,75.9,77.65
GB,UNITED KINGDOM ,EUR,GB0000536739,ASHTEAD GROUP,,,,,,15.02,16.24,23.46,15.08,18.38,25.07,25.7,25.93,26.85,29.41,30.8,41.09,38.71,29.93,31.57,44.68,43.89,45.96,48.4
GB,UNITED KINGDOM ,EUR,GB0000811801,BARRATT DEVELOPMENTS,,,,20.11,14.28,29.03,33.39,21.95,41.52,47.45,50.79,45.47,47.27,41.53,40.23,51.46,50.03,55.52,60.89,62.39,64.46,66.43,79.45,76.29
GB,UNITED KINGDOM ,EUR,GB0000904986,BELLWAY,,,,25.88,27.73,24.78,43.79,29.87,30.37,28.71,25.72,24.94,26.41,39.2,45.46,46.22,46.63,48.6,51.1,53.43,53.98,57.1,59.71,55.27
GB,UNITED KINGDOM ,EUR,GB0000961622,BALFOUR BEATTY,,,,49.25,43.33,40.55,57.24,60.86,68.47,70.4,73.78,67.99,76.68,73.11,69.87,55.62,64.83,71.27,69.28,73.75,73.63,76.45,73.15,77.1
GB,UNITED KINGDOM ,EUR,GB0001367019,BRITISH LAND,,,,48.37,47.1,46.31,38.31,54.63,48.2,52.23,53.34,49.35,53.19,48.72,48.63,50.95,64.56,77.81,73.32,66.72,67.87,73.47,76.43,66.55
GB,UNITED KINGDOM ,EUR,GB0001638955,WETHERSPOON (JD),,,,,,32.97,24.32,21.91,45.55,33.93,33.64,40.16,42.6,41.57,39.85,39.98,43.92,49.56,47.93,49.93,52.62,51.98,63.13,56.63
GB,UNITED KINGDOM ,EUR,GB0001859296,VISTRY GROUP,,,,20.69,47.35,62.72,46.78,25.84,51.09,57.76,51.91,38.99,41.75,47.85,42.98,51.0,50.68,53.84,53.86,57.62,53.64,58.2,58.81,
GB,UNITED KINGDOM ,EUR,GB0002148343,RATHBONES GROUP,,,,,,21.64,21.69,36.57,40.76,46.55,42.74,43.18,50.08,47.88,47.12,57.15,64.08,66.46,67.78,66.47,72.83,73.5,72.03,67.22
GB,UNITED KINGDOM ,EUR,GB0002374006,DIAGEO,,,,,,,74.9,79.43,79.28,81.36,87.33,90.3,82.17,85.16,84.25,84.53,83.81,79.21,84.95,91.82,88.99,88.91,83.88,75.73
GB,UNITED KINGDOM ,EUR,GB0002634946,BAE SYSTEMS,,,,52.05,52.05,49.41,33.23,29.56,48.19,54.97,50.94,48.01,65.4,58.48,59.96,52.57,66.45,60.38,70.02,70.06,75.63,72.19,69.17,68.8
GB,UNITED KINGDOM ,EUR,GB0002652740,DERWENT LONDON,,,,,,27.15,43.95,31.74,44.27,58.25,63.86,61.36,57.83,61.1,60.09,47.24,59.4,59.05,56.47,55.26,59.34,60.88,59.82,61.53
GB,UNITED KINGDOM ,EUR,GB0002869419,BIG YELLOW GROUP,,,,,,18.78,13.74,20.3,45.18,55.5,72.07,59.34,64.45,69.48,73.12,71.02,71.5,77.48,76.43,78.98,78.75,76.29,85.85,83.94
GB,UNITED KINGDOM ,EUR,GB0002875804,BRITISH AMERICAN TOBACCO,,,,60.68,64.73,81.32,78.3,78.21,80.71,85.9,81.78,85.99,85.22,78.8,74.09,81.39,83.76,83.04,81.54,88.99,90.55,92.59,93.86,85.12
GB,UNITED KINGDOM ,EUR,GB0003096442,RS GROUP,,,,,,,26.5,24.98,27.64,31.86,46.08,34.79,38.37,42.41,55.24,48.7,56.21,55.94,58.14,59.64,60.34,64.96,68.9,70.45
GB,UNITED KINGDOM ,EUR,GB0003308607,SPECTRIS,,,,,,23.27,25.87,37.34,41.84,37.67,35.88,50.04,52.2,62.17,62.83,74.24,74.19,75.25,74.3,68.52,70.04,72.59,65.43,70.21
GB,UNITED KINGDOM ,EUR,GB0003452173,FIRST GROUP,,,,,,,49.56,43.53,75.48,73.39,75.41,66.63,69.05,63.75,63.56,56.6,56.56,55.68,55.03,63.48,65.52,69.59,62.9,59.95
GB,UNITED KINGDOM ,EUR,GB0003753778,GO-AHEAD GROUP DEAD - DELIST.11/10/22,,,,,,29.56,16.9,20.52,42.92,28.77,29.41,51.81,44.76,43.43,45.78,50.08,51.26,56.96,60.16,58.11,55.86,,,
GB,UNITED KINGDOM ,EUR,GB0004052071,HALMA,,,,,,11.82,12.11,16.53,38.86,30.82,33.09,34.62,31.44,53.49,49.94,44.91,46.29,57.92,50.96,53.37,56.05,61.15,60.14,61.2
GB,UNITED KINGDOM ,EUR,GB0004082847,STANDARD CHARTERED,,,,,,45.98,56.97,54.21,62.32,59.41,62.13,73.41,80.73,79.44,80.4,73.64,79.99,72.78,85.28,86.18,86.09,88.44,87.58,87.43
GB,UNITED KINGDOM ,EUR,GB0004161021,HAYS,,,,,,,33.17,23.74,37.94,44.54,44.93,46.8,43.11,45.73,45.17,47.11,51.47,46.23,49.23,49.21,52.67,48.3,51.1,50.05
GB,UNITED KINGDOM ,EUR,GB0004170089,HEADLAM GROUP,,,,,,18.3,21.81,20.56,20.19,13.07,12.44,15.63,10.59,15.54,13.65,17.51,23.42,19.54,27.83,31.57,42.67,40.58,35.01,37.22
GB,UNITED KINGDOM ,EUR,GB0004478896,HUNTING,,,,,,29.19,25.42,24.09,11.19,11.7,17.39,22.05,32.11,32.38,22.83,28.16,37.29,32.08,44.76,47.4,54.59,45.43,50.66,
GB,UNITED KINGDOM ,EUR,GB0004544929,IMPERIAL BRANDS,,,,,,,65.09,72.92,68.36,72.02,74.65,82.57,83.65,83.29,86.95,84.07,80.18,76.54,73.79,72.23,74.72,73.26,72.1,81.07
GB,UNITED KINGDOM ,EUR,GB0004657408,MITIE GROUP,,,,,,26.95,36.63,32.94,42.79,56.47,68.79,60.51,74.13,74.69,77.97,71.55,69.83,71.2,63.98,69.62,80.89,81.05,76.34,73.12
GB,UNITED KINGDOM ,EUR,GB0004726096,SPIRENT COMMUNICATIONS,,,,,,39.11,25.34,21.7,29.76,30.87,38.21,37.36,43.87,48.32,52.81,68.66,75.97,73.14,65.32,62.35,66.19,64.63,72.59,69.63
GB,UNITED KINGDOM ,EUR,GB0004866223,KELLER,,,,,,14.74,11.82,8.26,13.71,30.85,31.5,25.33,25.31,28.95,31.98,39.41,35.74,27.41,29.89,24.48,41.12,47.66,49.1,54.7
GB,UNITED KINGDOM ,EUR,GB0004915632,KIER GROUP,,,,,,32.67,35.32,34.04,32.32,56.56,49.4,52.33,46.55,58.48,58.65,62.89,62.86,59.66,67.94,62.04,69.98,67.49,67.58,65.39
GB,UNITED KINGDOM ,EUR,GB0005405286,HSBC HOLDINGS,,,,34.49,41.43,47.54,65.9,70.56,67.02,70.52,63.4,68.65,70.26,69.2,76.8,74.62,73.46,79.79,81.98,84.36,86.12,80.97,78.87,77.05
GB,UNITED KINGDOM ,EUR,GB0005576813,HOWDEN JOINERY GP.,,,,,,,35.67,14.69,15.56,18.67,23.14,23.44,30.37,25.16,23.71,26.49,38.79,38.52,49.32,45.04,52.04,51.61,40.6,44.01
GB,UNITED KINGDOM ,EUR,GB0005603997,LEGAL & GENERAL,,,,,,,57.5,51.26,64.41,78.68,70.33,74.75,75.14,72.98,70.08,71.3,72.58,76.09,74.9,69.69,78.08,79.23,78.63,78.3
GB,UNITED KINGDOM ,EUR,GB0005758098,MEGGITT DEAD - DELIST.14/09/22,,,,28.54,37.78,34.47,16.98,36.92,31.21,35.62,28.6,27.7,39.51,41.64,43.31,42.59,40.0,39.39,50.14,59.72,74.7,75.75,,
GB,UNITED KINGDOM ,EUR,GB0006027295,MORGAN ADVANCED MRA.,,,,,,37.27,41.33,40.82,29.9,46.58,51.05,53.06,54.83,58.27,57.62,53.76,53.33,64.06,78.92,74.67,72.64,69.68,72.35,72.16
GB,UNITED KINGDOM ,EUR,GB0006215205,MOBICO GROUP,,,,54.15,44.26,49.67,32.22,34.04,45.68,44.39,48.96,41.57,50.58,59.73,59.58,68.03,51.62,59.69,52.46,47.94,52.66,54.39,55.27,50.05
GB,UNITED KINGDOM ,EUR,GB0006731235,ASSOCIATED BRIT.FOODS,,,,,,46.93,39.27,27.24,34.61,36.87,38.92,64.9,61.55,61.92,65.36,61.71,70.16,75.31,75.54,75.06,75.43,76.41,73.5,
GB,UNITED KINGDOM ,EUR,GB0006776081,PEARSON,,,,62.21,67.53,58.64,60.81,68.96,54.21,50.42,59.41,57.4,75.11,67.54,70.24,70.44,72.62,82.06,81.54,83.4,80.33,85.3,81.04,87.81
GB,UNITED KINGDOM ,EUR,GB0006825383,PERSIMMON,,,,23.84,19.1,16.59,18.97,40.33,54.63,57.35,46.65,42.27,42.12,38.33,34.16,42.54,62.05,65.2,55.15,56.94,66.97,66.79,65.12,65.02
GB,UNITED KINGDOM ,EUR,GB0006886666,EUROMONEY INSTL.INVESTOR DEAD - DELIST.25/11/22,,,,,,11.46,10.59,7.3,21.97,13.34,13.92,14.39,15.75,18.2,16.2,18.57,26.0,21.5,28.77,38.29,43.15,48.89,48.15,
GB,UNITED KINGDOM ,EUR,GB0006928617,UNITE GROUP,,,,,,26.35,27.12,28.92,22.48,35.04,33.17,37.06,46.45,42.86,41.59,54.36,65.5,67.6,76.4,64.99,68.23,61.15,67.23,
GB,UNITED KINGDOM ,EUR,GB0007099541,PRUDENTIAL,,,,,,,73.73,58.89,50.95,60.03,67.09,66.06,65.79,59.46,50.77,60.57,57.45,63.01,63.37,62.8,63.39,66.5,78.06,74.58
GB,UNITED KINGDOM ,EUR,GB0007188757,RIO TINTO,,,,,,81.21,67.28,84.32,70.54,76.66,76.1,85.8,77.83,73.83,73.73,79.37,80.16,79.89,85.23,83.0,78.33,79.84,75.29,69.53
GB,UNITED KINGDOM ,EUR,GB0007323586,RENISHAW,,,,,,22.18,20.41,27.48,24.77,25.53,18.02,28.03,25.02,24.56,27.7,48.94,46.67,46.51,56.5,56.63,64.51,67.6,58.73,57.18
GB,UNITED KINGDOM ,EUR,GB0007594764,RPS GROUP DEAD - DELIST.24/01/23,,,,,,26.21,27.02,37.19,41.56,48.2,50.14,53.99,51.42,44.5,45.84,45.3,54.83,62.68,72.31,66.08,67.31,74.89,68.27,
GB,UNITED KINGDOM ,EUR,GB0007668071,CLOSE BROTHERS GROUP,,,,25.14,33.75,42.9,37.53,40.26,25.86,26.16,26.78,35.05,41.81,44.59,43.87,50.23,57.38,56.77,55.43,63.13,68.85,70.47,69.86,67.44
GB,UNITED KINGDOM ,EUR,GB0007669376,ST.JAMES'S PLACE ORD,,,,,,25.3,32.92,33.51,49.25,53.49,41.99,31.33,49.48,47.91,51.54,46.04,50.77,49.44,51.35,58.11,57.28,67.6,59.95,59.8
GB,UNITED KINGDOM ,EUR,GB0007908733,SSE,,,,39.24,43.49,38.53,56.1,57.41,55.96,69.62,66.86,69.31,64.75,60.85,57.83,60.97,64.41,65.64,60.12,62.39,60.73,73.86,82.46,79.89
GB,UNITED KINGDOM ,EUR,GB0007973794,SERCO GROUP,,,,40.65,43.45,53.24,52.84,46.04,66.84,74.09,77.27,80.21,80.63,70.69,66.47,61.37,65.86,60.42,59.71,60.43,65.16,64.04,70.32,73.89
GB,UNITED KINGDOM ,EUR,GB0007980591,BP,,,,38.7,56.97,68.13,81.31,86.96,91.79,89.18,87.36,87.58,88.11,85.63,88.14,85.79,84.87,85.38,87.45,90.33,87.43,86.37,89.92,87.19
GB,UNITED KINGDOM ,EUR,GB0008025412,SIG,,,,,,26.5,24.9,25.61,48.01,49.68,52.38,51.05,54.52,52.89,49.82,55.44,59.16,59.57,52.18,62.51,61.45,57.46,58.1,59.51
GB,UNITED KINGDOM ,EUR,GB0008085614,MORGAN SINDALL GROUP,,,,,,38.67,33.15,27.77,32.99,31.08,36.46,42.04,46.85,47.12,50.47,52.94,52.98,59.19,51.86,56.11,61.2,72.97,75.88,
GB,UNITED KINGDOM ,EUR,GB0008220112,SMITH (DS),,,,,,25.28,19.37,36.52,35.19,35.19,46.38,40.74,39.74,35.72,40.18,43.17,44.79,64.1,70.94,74.02,75.64,81.19,80.19,9.12
GB,UNITED KINGDOM ,EUR,GB0008706128,LLOYDS BANKING GROUP,,,,29.67,58.21,58.86,49.53,53.64,68.36,70.15,78.6,74.63,74.14,72.58,65.15,71.9,82.58,79.4,80.32,74.07,79.77,84.04,81.7,85.17
GB,UNITED KINGDOM ,EUR,GB0008782301,TAYLOR WIMPEY,,,,60.56,55.86,57.64,28.18,37.1,44.47,52.11,55.17,47.55,66.15,64.97,60.94,53.02,59.47,60.38,67.25,77.61,76.58,72.12,75.49,75.59
GB,UNITED KINGDOM ,EUR,GB0009123323,ULTRA ELECTRONICS DEAD - DELIST.02/08/22,,,,,,23.15,13.09,14.1,18.07,16.3,15.77,27.91,20.43,24.97,23.97,34.61,41.62,31.11,33.42,33.81,40.6,53.99,53.23,
GB,UNITED KINGDOM ,EUR,GB0009223206,SMITH & NEPHEW,,,,41.9,37.3,45.12,42.49,43.99,65.73,61.44,65.31,61.17,62.14,56.81,57.98,56.37,66.29,72.12,72.45,81.5,81.56,80.16,78.3,78.38
GB,UNITED KINGDOM ,EUR,GB0009292243,VICTREX,,,,,,19.7,30.2,37.28,35.71,26.05,22.23,28.6,28.72,31.81,35.84,41.66,36.37,38.53,37.07,34.53,42.01,43.86,41.42,40.28
GB,UNITED KINGDOM ,EUR,GB0009465807,WEIR GROUP,,,,,,18.21,25.03,27.12,35.02,50.14,42.18,52.07,48.75,50.78,53.34,62.53,65.01,72.17,76.07,77.69,80.49,77.1,74.99,76.11
GB,UNITED KINGDOM ,EUR,GB0009697037,BABCOCK INTERNATIONAL,,,,,,18.8,39.53,20.08,28.68,27.92,39.01,34.06,39.34,39.77,40.46,31.52,33.43,38.68,41.41,46.51,46.33,53.0,58.24,56.03
GB,UNITED KINGDOM ,EUR,GB0009895292,ASTRAZENECA,,,,35.2,53.3,47.72,35.11,43.7,78.89,88.81,85.57,89.42,85.79,89.26,87.08,87.02,87.09,89.69,93.83,94.75,93.87,95.16,95.77,95.55
GB,UNITED KINGDOM ,EUR,GB0030232317,PAGEGROUP,,,,,,25.49,27.31,31.59,32.96,35.27,30.66,31.49,25.87,22.34,29.85,38.13,46.35,47.61,42.48,53.87,55.77,55.84,55.77,52.51
GB,UNITED KINGDOM ,EUR,GB0030329360,WINCANTON,,,,,,37.56,19.97,28.57,33.2,26.26,34.98,52.91,39.68,33.33,37.76,41.05,51.48,52.74,43.22,33.66,46.09,50.51,55.73,58.57
GB,UNITED KINGDOM ,EUR,GB0030913577,BT GROUP,,,,,,,73.47,74.47,80.02,75.39,62.59,69.17,76.34,76.1,73.83,71.04,71.87,68.56,72.87,68.37,70.29,71.9,73.93,65.84
GB,UNITED KINGDOM ,EUR,GB0031274896,MARKS & SPENCER GROUP,,,,20.09,29.34,40.53,62.48,49.71,78.47,74.68,86.61,76.49,74.03,82.85,74.43,75.32,88.79,88.57,82.19,81.06,78.93,85.49,82.17,69.68
GB,UNITED KINGDOM ,EUR,GB0031348658,BARCLAYS,,,,54.95,45.62,57.37,79.42,78.13,77.32,83.01,78.71,83.59,83.3,81.75,80.74,76.88,80.57,71.36,79.68,89.44,88.19,82.1,84.31,80.73
GB,UNITED KINGDOM ,EUR,GB0031638363,INTERTEK GROUP,,,,42.96,40.56,23.17,21.26,35.11,37.33,38.6,32.12,52.09,56.27,64.17,60.38,65.92,71.26,58.88,68.68,71.84,80.38,78.95,76.98,76.32
GB,UNITED KINGDOM ,EUR,GB0031743007,BURBERRY GROUP,,,,,,,46.58,21.37,40.28,51.67,48.19,54.13,54.23,47.75,55.16,58.49,45.36,47.06,49.08,57.95,59.24,70.75,76.28,79.38
GB,UNITED KINGDOM ,EUR,GB0032089863,NEXT,,,,49.8,46.63,52.86,44.37,57.15,55.16,76.49,79.7,66.65,66.09,61.68,52.44,42.22,63.61,64.66,69.37,73.75,70.89,73.55,70.41,71.16
GB,UNITED KINGDOM ,EUR,GB0033195214,KINGFISHER,,,,40.26,31.58,29.13,33.34,56.99,64.01,67.67,55.87,74.38,79.71,81.3,76.97,77.45,84.38,83.26,83.7,80.71,73.88,76.15,70.2,64.63
GB,UNITED KINGDOM ,EUR,GB0033986497,ITV,,,,,,55.77,52.72,47.43,43.39,58.69,67.73,67.45,62.07,51.59,49.26,45.64,55.29,53.03,53.32,65.51,69.38,77.08,71.57,67.97
GB,UNITED KINGDOM ,EUR,GB00B012BV22,MARSHALLS,,,,,,27.52,30.36,37.56,41.91,51.43,68.51,68.47,55.97,51.42,45.32,42.01,59.37,57.85,54.61,58.71,57.07,68.1,64.37,70.76
GB,UNITED KINGDOM ,EUR,GB00B012TP20,HALFORDS GROUP,,,,,,15.2,32.8,45.28,44.42,47.93,45.17,48.66,46.55,42.25,45.07,52.57,53.96,57.7,66.9,59.32,58.6,66.46,64.32,65.5
GB,UNITED KINGDOM ,EUR,GB00B019KW72,SAINSBURY J,,,,41.59,42.33,47.52,51.63,51.44,66.76,66.78,69.6,69.85,66.45,73.19,72.5,74.95,64.99,65.62,52.34,57.58,55.69,55.38,77.44,
GB,UNITED KINGDOM ,EUR,GB00B02J6398,ADMIRAL GROUP,,,,,,40.5,23.05,44.2,44.66,48.79,52.06,41.15,47.3,44.44,41.5,39.18,54.43,57.02,61.06,59.33,56.69,57.65,60.16,55.99
GB,UNITED KINGDOM ,EUR,GB00B02QND93,PAYPOINT,,,,,,,13.14,22.59,19.96,31.16,33.2,33.84,34.72,37.37,41.77,35.06,39.07,34.24,41.66,40.18,43.89,41.88,30.86,29.88
GB,UNITED KINGDOM ,EUR,GB00B033F229,CENTRICA,,,,43.59,45.42,54.42,65.26,71.6,60.64,72.42,75.72,69.08,69.15,63.82,68.66,60.55,66.45,62.06,60.56,60.37,59.28,64.69,66.65,68.29
GB,UNITED KINGDOM ,EUR,GB00B04V1276,GRAINGER,,,,,,40.29,34.16,38.2,47.51,59.17,68.41,64.79,54.67,64.19,56.54,53.31,75.43,67.85,62.93,72.94,68.75,64.42,67.13,69.02
GB,UNITED KINGDOM ,EUR,GB00B06QFB75,IG GROUP HOLDINGS,,,,,,,12.88,37.39,23.59,19.02,39.55,28.4,34.57,40.66,44.01,52.6,37.8,48.87,54.59,56.07,58.31,58.87,53.91,56.56
GB,UNITED KINGDOM ,EUR,GB00B0744359,ESSENTRA,,,,,,,42.63,44.18,46.11,51.5,59.14,58.1,63.99,52.92,61.97,48.08,45.69,51.03,47.92,60.31,65.79,62.71,57.57,51.1
GB,UNITED KINGDOM ,EUR,GB00B0744B38,BUNZL,,,,,,,40.18,42.48,57.3,61.76,49.11,50.35,58.38,44.56,52.3,52.77,44.75,33.71,40.77,37.02,38.14,47.0,48.87,47.91
GB,UNITED KINGDOM ,EUR,GB00B082RF11,RENTOKIL INITIAL,,,,36.93,62.01,52.55,45.76,52.38,43.23,38.41,47.67,56.08,80.26,66.69,62.09,63.3,62.84,59.09,70.12,68.84,70.74,63.85,71.75,77.47
GB,UNITED KINGDOM ,EUR,GB00B0FYMT95,HELICAL REIT,,,,,,27.87,21.41,29.61,22.02,27.42,29.82,43.5,35.98,38.08,42.68,41.48,42.72,42.61,56.94,54.59,59.86,65.44,64.05,65.5
GB,UNITED KINGDOM ,EUR,GB00B0H2K534,PETROFAC,,,,,,19.09,20.65,35.81,28.87,24.71,29.22,45.76,45.87,52.04,52.49,53.66,61.83,63.31,68.16,66.62,74.56,75.98,,65.05
GB,UNITED KINGDOM ,EUR,GB00B0KM9T71,STHREE,,,,,,,18.76,23.81,33.58,29.16,33.61,21.72,26.86,24.9,34.11,28.92,39.01,48.87,51.31,45.91,50.97,51.71,54.33,55.99
GB,UNITED KINGDOM ,EUR,GB00B0LCW083,HIKMA PHARMACEUTICALS,,,,,,,15.91,16.03,15.93,25.92,26.51,57.34,54.77,65.54,65.01,56.51,60.22,61.24,64.08,61.71,68.5,72.59,73.96,72.31
GB,UNITED KINGDOM ,EUR,GB00B0N8QD54,BRITVIC,,,,,,,,27.94,28.89,48.95,51.27,50.55,46.73,57.94,49.51,56.49,71.53,54.88,70.99,65.2,69.16,73.26,75.69,72.56
GB,UNITED KINGDOM ,EUR,GB00B0SWJX34,LONDON STOCK EXCHANGE GROUP,,,,42.96,47.38,44.9,29.35,41.4,32.14,38.65,22.53,23.94,41.43,37.5,33.01,38.86,56.85,59.8,64.22,70.62,75.0,74.83,66.97,66.8
GB,UNITED KINGDOM ,EUR,GB00B0WMWD03,QINETIQ GROUP,,,,,,,,30.74,39.9,48.8,46.65,48.08,35.6,45.46,45.32,49.57,50.38,54.51,51.34,52.73,50.19,61.31,61.02,56.65
GB,UNITED KINGDOM ,EUR,GB00B0YG1K06,RESTAURANT GROUP DEAD - DELIST.22/12/23,,,,,,8.39,22.29,23.36,33.42,22.98,29.79,21.45,22.0,35.28,27.91,31.21,42.85,43.42,41.73,37.2,46.28,41.24,53.86,
GB,UNITED KINGDOM ,EUR,GB00B10RZP78,UNILEVER (UK),,,,,,69.06,74.8,73.98,80.26,89.47,87.19,84.67,82.37,80.94,87.7,90.7,86.22,86.04,92.02,93.13,91.5,89.6,90.65,89.91
GB,UNITED KINGDOM ,EUR,GB00B132NW22,ASHMORE GROUP,,,,,,,,,16.37,14.18,35.68,47.92,46.9,47.16,49.39,48.85,50.09,47.69,49.89,63.46,64.61,61.81,64.73,63.42
GB,UNITED KINGDOM ,EUR,GB00B135BJ46,SAVILLS,,,,,,26.79,18.85,24.85,41.23,53.26,46.89,45.5,49.64,42.55,40.35,38.02,43.24,36.27,38.31,39.02,51.32,51.27,52.97,
GB,UNITED KINGDOM ,EUR,GB00B18P5K83,TOPPS TILES,,,,,,32.15,21.12,16.29,26.82,34.2,39.83,35.89,40.46,44.25,48.14,47.19,48.25,47.84,53.55,50.61,49.62,61.8,60.93,62.0
GB,UNITED KINGDOM ,EUR,GB00B19Z1432,PZ CUSSONS,,,,,,7.4,9.2,10.37,11.21,23.45,26.91,32.72,25.55,30.81,31.65,38.85,39.08,43.58,39.85,41.83,47.3,41.68,47.73,56.0
GB,UNITED KINGDOM ,EUR,GB00B1FH8J72,SEVERN TRENT,,,,45.96,53.98,53.77,44.08,45.51,46.85,49.13,62.81,57.44,57.57,53.83,61.86,55.29,53.75,59.19,58.85,53.34,58.2,70.37,73.36,71.3
GB,UNITED KINGDOM ,EUR,GB00B1FP6H53,MITCHELLS & BUTLERS,,,,,,,49.2,57.35,61.64,49.32,51.75,55.24,58.45,51.87,63.28,62.95,60.49,52.12,56.62,55.51,59.46,63.42,60.22,62.93
GB,UNITED KINGDOM ,EUR,GB00B1FW5029,HOCHSCHILD MINING,,,,,,,,24.28,17.58,14.16,19.29,23.62,27.86,37.14,38.74,39.77,35.41,34.74,41.47,35.11,42.84,47.05,57.38,61.93
GB,UNITED KINGDOM ,EUR,GB00B1JQBT10,PINEWOOD TECHNOLOGIES GROUP,,,,,,37.94,29.61,27.14,24.58,32.83,29.71,24.41,29.21,34.33,36.53,37.1,45.23,47.44,30.7,27.0,24.39,24.88,23.54,22.76
GB,UNITED KINGDOM ,EUR,GB00B1JQDM80,MARSTON'S,,,,,,23.84,21.71,20.39,47.67,45.34,55.5,58.91,55.26,52.18,57.7,57.71,50.65,57.66,59.63,63.0,72.33,75.51,73.06,73.12
GB,UNITED KINGDOM ,EUR,GB00B1KJJ408,WHITBREAD,,,,52.36,50.53,58.49,63.23,62.24,66.96,52.63,61.94,68.02,68.35,70.66,71.27,72.0,77.32,82.84,84.44,81.77,79.19,79.48,79.26,75.61
GB,UNITED KINGDOM ,EUR,GB00B1L5QH97,RANK GROUP,,,,16.74,22.27,28.76,12.03,5.17,31.9,32.32,31.14,45.11,26.98,37.46,37.07,38.88,39.01,46.56,44.62,50.82,54.98,68.36,66.11,61.43
GB,UNITED KINGDOM ,EUR,GB00B1P6ZR11,BROWN GROUP,,,,,,13.0,24.27,25.87,36.07,29.94,25.43,47.47,42.16,45.31,52.6,53.29,66.59,64.16,68.3,64.74,61.81,61.31,57.13,50.03
GB,UNITED KINGDOM ,EUR,GB00B1VNSX38,DRAX GROUP,,,,,,,25.73,33.93,56.08,50.65,51.82,57.83,54.8,54.32,55.53,46.11,59.92,49.25,53.75,54.28,59.9,59.41,58.91,58.34
GB,UNITED KINGDOM ,EUR,GB00B1WY2338,SMITHS GROUP,,,,40.56,31.38,49.11,31.42,33.46,30.73,38.11,43.07,55.98,47.99,48.01,49.43,47.68,49.62,55.08,63.52,52.4,52.66,60.96,55.17,56.19
GB,UNITED KINGDOM ,EUR,GB00B1XH2C03,FERREXPO,,,,,,,,,20.7,31.97,37.54,57.71,50.21,55.08,54.7,57.98,57.73,58.48,62.76,64.94,67.59,66.38,77.82,68.95
GB,UNITED KINGDOM ,EUR,GB00B1XZS820,ANGLO AMERICAN,,,,73.38,69.68,75.73,55.34,38.29,72.94,83.53,77.48,87.22,84.3,89.01,85.05,88.89,81.43,79.81,75.27,81.39,80.47,82.35,81.96,78.22
GB,UNITED KINGDOM ,EUR,GB00B1YW4409,3I GROUP,,,,35.51,32.2,56.33,26.43,53.34,53.66,49.42,57.82,60.86,62.51,56.88,45.11,62.09,53.57,66.03,70.3,72.84,64.05,72.96,78.38,76.1
GB,UNITED KINGDOM ,EUR,GB00B23K0M20,CAPITA,,,,25.39,23.92,42.47,42.68,49.09,48.7,54.57,43.48,57.74,53.85,50.67,55.82,63.69,75.27,72.65,71.47,66.69,76.28,72.63,73.82,
GB,UNITED KINGDOM ,EUR,GB00B24CGK77,RECKITT BENCKISER GROUP,,,,,,,68.74,58.69,61.33,65.45,66.52,63.07,64.06,73.25,67.95,69.15,76.53,77.26,81.16,82.84,84.7,89.76,91.14,83.57
GB,UNITED KINGDOM ,EUR,GB00B27YGJ97,SEVERFIELD,,,,,,12.25,13.69,9.4,14.75,25.76,21.3,25.06,14.04,15.32,21.51,28.21,40.9,36.4,32.72,37.29,38.15,38.98,42.73,47.82
GB,UNITED KINGDOM ,EUR,GB00B2B0DG97,RELX,,,,,,,73.53,81.72,66.52,61.92,73.18,70.09,77.93,79.1,78.32,79.26,84.62,86.15,84.62,84.33,84.07,87.1,86.68,81.37
GB,UNITED KINGDOM ,EUR,GB00B2NGPM57,PARAGON BANKING GROUP,,,,,,17.73,18.82,18.1,14.38,34.2,28.17,30.13,32.72,25.16,32.89,30.72,38.18,46.48,46.25,46.46,58.16,54.82,57.55,58.79
GB,UNITED KINGDOM ,EUR,GB00B2PDGW16,WH SMITH,,,,,,28.07,31.53,40.1,39.01,50.91,65.31,70.86,75.22,71.41,64.53,68.1,62.42,65.67,66.15,63.39,58.84,72.98,77.94,83.46
GB,UNITED KINGDOM ,EUR,GB00B39J2M42,UNITED UTILITIES GROUP,,,,49.23,55.09,58.26,60.63,59.6,50.91,50.96,67.34,62.96,56.05,67.46,68.69,72.36,68.69,65.99,76.8,71.67,72.74,72.36,72.58,67.84
GB,UNITED KINGDOM ,EUR,GB00B3DGH821,DE LA RUE ORD,,,,44.04,47.47,49.56,43.32,36.09,48.85,44.14,37.61,47.01,46.05,52.18,56.43,56.69,54.56,65.72,49.85,57.97,67.3,60.09,55.33,62.19
GB,UNITED KINGDOM ,EUR,GB00B3FLWH99,BODYCOTE,,,,,,28.4,30.83,32.15,33.98,28.0,24.15,31.94,28.54,34.17,25.5,41.17,47.56,43.41,41.67,47.54,53.23,55.15,54.68,52.7
GB,UNITED KINGDOM ,EUR,GB00B41H7391,REDDE NORTHGATE,,,,,,23.67,37.32,41.93,22.6,23.33,16.91,25.93,24.97,28.24,29.0,34.1,31.55,35.33,38.41,51.87,45.07,40.43,44.59,40.54
GB,UNITED KINGDOM ,EUR,GB00B45C9X44,CHEMRING GROUP,,,,,,13.34,17.16,19.41,24.27,31.21,44.39,42.41,52.19,46.56,48.38,34.07,41.89,39.23,44.28,40.44,49.54,49.19,46.61,51.04
GB,UNITED KINGDOM ,EUR,GB00B572ZV91,PHAROS ENERGY,,,,,,20.16,8.03,16.2,17.41,28.95,32.46,48.3,45.68,53.3,46.82,50.07,52.94,56.62,46.1,51.13,54.67,50.08,42.63,39.71
GB,UNITED KINGDOM ,EUR,GB00B5N0P849,WOOD GROUP (JOHN),,,,,,13.88,17.65,18.84,32.05,50.45,51.64,51.95,46.62,60.31,44.4,45.08,51.77,51.48,53.07,57.19,65.41,61.5,68.74,66.8
GB,UNITED KINGDOM ,EUR,GB00B5ZN1N88,SEGRO,,,,44.53,30.04,48.68,41.83,47.25,63.17,67.44,61.22,73.36,72.3,73.27,63.33,75.0,71.75,74.38,71.58,72.33,76.29,75.8,76.34,76.54
GB,UNITED KINGDOM ,EUR,GB00B61TVQ02,INCHCAPE,,,,,,,13.63,12.97,20.06,20.75,16.52,28.72,34.15,30.78,28.33,25.08,24.13,28.94,38.82,37.81,39.37,40.36,41.52,43.28
GB,UNITED KINGDOM ,EUR,GB00B63H8491,ROLLS-ROYCE HOLDINGS,,,,30.59,36.96,24.9,32.7,46.37,50.95,52.07,50.96,51.32,57.72,52.13,59.43,59.65,79.54,75.47,74.76,72.94,81.06,76.79,76.34,
GB,UNITED KINGDOM ,EUR,GB00B63QSB39,GREGGS,,,,,,26.02,19.16,29.7,35.06,41.73,42.92,52.78,50.88,68.47,68.71,70.86,70.07,80.28,75.42,77.36,74.77,74.55,74.74,74.36
GB,UNITED KINGDOM ,EUR,GB00B67G5X01,WORKSPACE GROUP,,,,,,28.82,45.83,59.3,59.3,49.32,60.59,57.47,62.56,45.5,55.14,40.73,52.67,51.74,46.35,59.35,62.21,66.22,72.61,68.88
GB,UNITED KINGDOM ,EUR,GB00B6YTLS95,STAGECOACH GROUP DEAD - DELIST.28/06/22,,,,56.47,49.3,64.85,47.5,33.4,33.25,49.34,48.36,61.63,60.79,56.32,59.28,55.79,58.0,49.83,58.79,51.87,48.02,50.44,61.33,
GB,UNITED KINGDOM ,EUR,GB00B7KR2P84,EASYJET,,,,,,29.99,25.74,14.25,30.47,21.73,40.24,40.33,49.31,43.92,45.58,54.07,50.81,51.91,46.34,46.07,50.67,50.68,53.59,55.16
GB,UNITED KINGDOM ,EUR,GB00B82YXW83,VESUVIUS,,,,37.27,30.23,33.76,40.55,30.61,25.55,36.57,28.48,24.12,21.24,29.18,33.53,45.16,49.63,47.66,48.71,54.75,60.56,63.65,62.37,61.01
GB,UNITED KINGDOM ,EUR,GB00B8B4R053,STUDIO RETAIL GROUP DEAD - DELIST.25/02/22,,,,,,36.16,24.29,28.76,24.84,28.05,33.26,36.1,35.07,38.65,47.07,41.5,35.73,42.38,33.33,52.3,51.58,52.02,57.3,
GB,UNITED KINGDOM ,EUR,GB00B8C3BL03,SAGE GROUP,,,,37.55,25.16,40.19,37.83,21.04,33.34,32.43,47.13,46.05,47.7,48.38,63.44,58.9,55.86,58.4,50.12,51.32,51.59,42.85,44.49,52.54
GB,UNITED KINGDOM ,EUR,GB00BD6K4575,COMPASS GROUP,,,,21.62,21.3,23.18,38.76,36.98,44.14,44.61,65.81,70.37,73.49,63.65,68.64,70.22,70.7,68.24,69.84,72.69,76.77,80.29,75.48,69.41
GB,UNITED KINGDOM ,EUR,GB00BDCPN049,COCA COLA EUROPACIFIC PARTNERS,,,,11.33,13.52,23.35,39.64,30.38,66.9,71.94,76.34,65.47,64.53,62.68,64.39,63.99,59.44,74.71,71.77,72.76,75.21,77.97,83.37,84.83
GB,UNITED KINGDOM ,EUR,GB00BDR05C01,NATIONAL GRID,,,,27.21,33.18,41.97,55.82,42.74,51.84,53.86,59.47,58.15,64.16,72.23,69.36,69.57,64.02,70.61,60.61,65.22,66.89,61.86,68.72,70.05
GB,UNITED KINGDOM ,EUR,GB00BF044593,CLS HOLDINGS,,,,,,30.04,28.36,29.2,27.53,15.3,15.47,48.22,42.13,49.44,41.16,41.88,45.65,38.23,52.73,64.46,61.45,59.45,59.75,69.99
GB,UNITED KINGDOM ,EUR,GB00BF5H9P87,GREAT PORTLAND ESTATES,,,,30.93,29.74,40.08,38.03,56.99,63.75,67.04,76.8,70.1,61.01,62.36,68.47,69.48,64.65,73.79,81.39,84.62,82.77,79.11,82.76,75.48
GB,UNITED KINGDOM ,EUR,GB00BF8Q6K64,ABRDN,,,,,,32.9,26.12,38.2,57.3,81.45,85.8,79.06,73.49,74.94,73.23,74.82,74.42,77.48,73.15,80.21,82.91,84.03,83.65,85.39
GB,UNITED KINGDOM ,EUR,GB00BG11K365,REDROW,,,,,,21.88,24.64,37.23,37.86,45.19,50.86,56.4,42.58,41.7,55.95,57.19,47.74,47.73,51.5,47.94,61.27,61.39,57.32,59.93
GB,UNITED KINGDOM ,EUR,GB00BGDT3G23,RIGHTMOVE,,,,,,,,27.57,22.03,22.79,15.56,37.8,29.81,32.4,35.25,28.65,48.53,43.19,47.66,53.07,51.16,66.7,66.04,66.82
GB,UNITED KINGDOM ,EUR,GB00BGLP8L22,IMI,,,,,,,27.94,27.73,47.6,66.13,68.45,70.06,60.0,63.45,57.9,54.7,60.72,58.83,59.84,61.6,67.37,68.85,75.54,
GB,UNITED KINGDOM ,EUR,GB00BH4HKS39,VODAFONE GROUP,,,,63.16,59.82,46.82,69.41,72.73,85.28,85.64,81.28,79.87,86.62,83.44,86.0,85.64,88.1,80.75,84.26,80.45,81.17,83.54,89.09,87.85
GB,UNITED KINGDOM ,EUR,GB00BHJYC057,ICTL.HTLS.GP.,,,,,46.68,51.66,30.41,33.65,50.02,73.75,73.75,74.67,66.82,66.34,66.58,68.39,73.38,66.92,73.85,72.52,76.48,83.09,83.23,77.39
GB,UNITED KINGDOM ,EUR,GB00BJ1F4N75,MICRO FOCUS INTL. DEAD - DELIST.01/02/23,,,,,,,21.34,16.34,22.92,23.93,17.03,22.66,31.69,25.43,35.24,32.38,39.81,41.06,46.59,47.47,57.47,56.33,53.8,
GB,UNITED KINGDOM ,EUR,GB00BJFFLV09,CRODA INTERNATIONAL,,,,,,32.09,35.57,35.76,42.28,46.98,57.33,63.97,72.36,61.34,64.49,71.18,70.38,69.77,73.7,72.08,82.49,79.61,85.29,78.99
GB,UNITED KINGDOM ,EUR,GB00BJQZC279,DAILY MAIL 'A' DEAD - DELIST.10/01/22,,,,30.59,33.36,43.27,28.78,23.43,19.19,17.68,12.16,22.83,22.81,33.81,30.96,42.66,43.94,35.39,32.87,36.64,48.87,52.65,41.87,25.65
GB,UNITED KINGDOM ,EUR,GB00BK7YQK64,HAMMERSON,,,,71.47,65.35,69.3,64.51,68.18,47.59,54.53,56.16,60.28,68.13,70.9,70.1,71.03,79.45,72.88,71.67,75.43,80.21,77.65,77.0,79.8
GB,UNITED KINGDOM ,EUR,GB00BK9RKT01,TRAVIS PERKINS,,,,40.28,43.4,41.27,32.26,12.38,44.07,37.82,60.67,50.12,77.1,77.05,68.64,60.0,68.52,65.63,58.55,62.87,59.22,61.38,61.9,59.21
GB,UNITED KINGDOM ,EUR,GB00BKP36R26,HYVE GROUP DEAD - DELIST.23/05/23,,,,,,21.35,20.69,20.99,8.16,15.08,19.29,23.56,32.1,30.26,27.97,31.64,38.76,34.39,26.8,16.86,33.83,40.95,42.87,32.13
GB,UNITED KINGDOM ,EUR,GB00BKY40Q38,GALLIFORD TRY,,,,,,26.48,13.17,17.2,21.06,28.33,46.89,31.35,45.4,33.31,39.99,46.0,51.12,45.17,52.55,51.63,55.7,57.82,60.23,58.67
GB,UNITED KINGDOM ,EUR,GB00BL6XZ716,CAPITAL & REGIONAL,,,,,,28.53,13.33,15.44,29.34,43.97,57.49,54.26,55.13,37.36,37.49,28.6,36.56,37.62,32.3,35.33,44.2,45.35,48.57,
GB,UNITED KINGDOM ,EUR,GB00BLGZ9862,TESCO,,,,68.37,66.24,64.22,79.6,68.08,60.16,74.06,64.49,67.53,73.83,68.28,65.45,75.03,74.54,79.24,77.71,73.11,80.61,75.83,80.6,79.74
GB,UNITED KINGDOM ,EUR,GB00BLJNXL82,BERKELEY GROUP HOLDINGS (THE),,,,26.78,20.55,21.93,17.9,27.7,40.78,41.37,48.85,57.7,55.75,56.02,58.73,49.6,48.08,50.3,53.12,57.84,58.82,60.74,64.04,60.25
GB,UNITED KINGDOM ,EUR,GB00BM8PJY71,NATWEST GROUP,,,,51.05,67.75,65.84,70.74,73.97,74.23,74.02,70.29,74.25,75.99,76.05,77.21,70.62,74.91,79.6,82.34,80.89,78.6,81.49,76.52,76.43
GB,UNITED KINGDOM ,EUR,GB00BMJ6DW54,INFORMA,,,,,,29.26,38.5,40.05,46.34,32.75,29.73,46.51,38.22,46.97,51.17,49.88,54.82,51.63,51.1,52.78,61.22,65.23,71.63,67.23
GB,UNITED KINGDOM ,EUR,GB00BMXNWH07,NOBLE CORPORATION,,,,31.15,38.71,44.19,56.02,59.65,51.54,51.27,42.37,35.08,27.76,22.53,21.09,18.42,34.89,22.61,26.33,37.11,35.58,32.71,,
GB,UNITED KINGDOM ,EUR,GB00BN7SWP63,GLAXOSMITHKLINE,,,,65.45,67.91,71.28,76.49,62.0,63.85,73.83,74.95,79.52,82.46,85.02,80.62,81.67,84.95,89.38,85.74,88.56,91.05,93.84,94.76,91.63
GB,UNITED KINGDOM ,EUR,GB00BNGDN821,MELROSE INDUSTRIES,,,,,,,5.86,4.43,11.32,15.13,13.3,6.95,10.9,30.73,35.05,31.3,37.53,45.31,58.28,60.09,61.13,66.75,64.26,66.3
GB,UNITED KINGDOM ,EUR,GB00BNNTLN49,PENNON GROUP,,,,,,30.24,31.61,23.01,26.86,33.67,33.95,47.05,42.84,44.0,50.42,51.21,57.28,59.55,61.96,61.13,57.32,60.29,71.36,72.84
GB,UNITED KINGDOM ,EUR,GB00BNR4T868,RENEWI,,,,,,34.61,21.05,19.65,53.17,45.02,49.96,45.57,64.79,63.44,53.71,52.61,55.09,58.41,51.57,58.24,67.17,59.74,63.7,62.29
GB,UNITED KINGDOM ,EUR,GB00BP6MXD84,SHELL,,,,63.24,60.3,73.56,69.32,71.61,85.44,82.05,81.87,86.87,86.06,80.75,84.8,80.66,88.87,89.78,87.85,87.55,87.62,94.13,92.75,93.48
GB,UNITED KINGDOM ,EUR,GB00BP92CJ43,TATE & LYLE,,,,42.11,42.89,33.54,36.45,35.15,36.32,30.79,49.58,55.21,47.36,51.01,58.31,62.48,66.31,60.11,60.52,58.22,53.79,58.91,61.82,65.99
GB,UNITED KINGDOM ,EUR,GB00BP9LHF23,SCHRODERS,,,,24.06,11.99,34.06,25.4,40.54,44.94,49.73,63.16,47.17,52.0,45.55,38.8,41.77,44.72,41.59,51.21,55.18,67.14,75.34,66.13,63.26
GB,UNITED KINGDOM ,EUR,GB00BPQY8M80,AVIVA,,,,,,,63.16,72.69,47.11,58.36,62.24,81.97,74.1,78.18,82.63,80.26,80.06,76.75,76.72,77.78,73.9,71.9,76.15,70.03
GB,UNITED KINGDOM ,EUR,GB00BVFNZH21,ROTORK,,,,,,49.54,55.94,49.21,37.32,27.91,32.98,45.08,41.26,41.38,36.66,36.98,50.23,45.98,42.46,48.99,61.91,62.64,62.41,72.8
GB,UNITED KINGDOM ,EUR,GB00BWFGQN14,SPIRAX-SARCO ENGR.,,,,,,14.54,29.31,31.02,44.1,38.36,34.88,37.12,28.26,26.74,30.8,30.97,42.76,37.57,38.66,45.87,45.02,53.84,52.15,53.55
GB,UNITED KINGDOM ,EUR,GB00BYQ0JC66,BEAZLEY,,,,,,14.2,14.7,16.39,31.03,16.7,20.07,18.08,16.89,16.08,15.79,14.92,27.9,33.68,39.58,42.86,51.48,52.98,61.25,66.03
GB,UNITED KINGDOM ,EUR,GB00BYT1DJ19,INTERMEDIATE CAPITAL GP.,,,,,,12.69,15.54,13.18,11.34,17.8,23.26,10.19,10.7,15.85,15.38,25.87,29.2,41.67,41.25,35.22,33.1,38.85,58.29,60.81
GB,UNITED KINGDOM ,EUR,GB00BYW0PQ60,LAND SECURITIES GROUP,,,,,,,70.07,64.2,54.36,57.31,65.65,61.02,68.33,66.11,69.12,73.33,91.14,90.18,82.18,79.53,81.58,82.39,85.69,78.75
GB,UNITED KINGDOM ,EUR,GB00BYYTFB60,HOMESERVE DEAD - DELIST.05/01/23,,,,,,21.44,17.26,18.95,24.16,18.1,18.44,18.1,27.96,24.09,25.36,28.8,27.7,28.12,25.67,24.17,30.79,28.44,34.35,
GB,UNITED KINGDOM ,EUR,GB00BZ4BQC70,JOHNSON MATTHEY,,,,36.0,49.1,53.9,64.7,68.42,47.24,48.77,57.14,53.02,54.84,57.48,54.46,49.72,66.22,60.71,57.44,62.95,65.15,75.7,72.13,68.49
IE,IRELAND,EUR,IE0001827041,CRH PUBLIC LIMITED,,,,,,,54.48,56.95,63.6,74.74,75.9,77.78,77.48,73.96,81.53,81.0,79.26,86.17,85.0,81.1,80.38,88.36,89.01,87.26
IE,IRELAND,EUR,IE0002424939,DCC,,,,,,,22.99,17.85,25.66,23.57,20.86,32.31,35.22,39.92,38.79,51.34,51.8,54.02,49.93,52.25,46.66,44.72,52.31,52.43
IE,IRELAND,EUR,IE0003864109,GREENCORE GROUP,,,,33.42,18.11,33.82,41.89,14.77,23.41,33.3,46.06,40.7,46.8,49.68,47.8,51.34,56.6,47.41,42.28,43.94,44.38,50.72,59.78,46.76
IE,IRELAND,EUR,IE0004906560,KERRY GROUP 'A',,,,27.7,20.9,19.66,12.3,10.22,6.33,9.16,27.42,26.65,32.11,40.13,36.88,48.72,48.06,56.46,57.74,66.28,69.28,70.9,80.01,83.41
IE,IRELAND,EUR,IE0004927939,KINGSPAN GROUP,,,,17.43,13.12,21.36,22.3,29.66,40.47,44.21,64.74,64.91,60.54,60.18,57.31,54.96,62.11,59.26,73.1,74.88,77.47,82.35,78.61,
IE,IRELAND,EUR,IE00B00MZ448,GRAFTON GROUP,,,,25.8,18.13,36.19,31.55,23.01,26.08,31.66,28.43,26.66,35.42,35.93,38.6,45.15,48.85,45.63,37.28,43.63,43.86,47.31,53.1,56.34
IE,IRELAND,EUR,IE00B010DT83,C&C GROUP,,,,,,,16.7,24.31,18.52,18.84,24.29,28.72,28.03,24.94,22.47,44.75,37.78,29.43,31.21,29.49,40.87,40.06,50.44,53.47
IE,IRELAND,EUR,IE00B4BNMY34,ACCENTURE CLASS A,,,,,,43.25,32.44,37.34,55.47,69.07,72.66,78.31,74.21,71.7,72.91,72.55,86.85,78.81,82.29,78.33,78.78,79.94,82.76,82.55
IE,IRELAND,EUR,IE00B8KQN827,EATON,,,,,,43.9,58.55,67.74,65.94,67.67,65.16,57.85,62.01,68.88,68.9,63.54,65.88,75.73,73.56,67.09,70.17,69.13,68.32,69.49
IE,IRELAND,EUR,IE00BD1RP616,BANK OF IRELAND GROUP,,,,,,,53.85,37.88,39.78,43.7,33.74,50.77,35.73,36.78,31.42,32.1,45.12,59.4,56.96,59.88,64.83,59.97,65.91,58.87
IE,IRELAND,EUR,IE00BDB6Q211,WILLIS TOWERS WATSON,,,,,,27.91,47.88,44.0,42.67,38.22,52.22,36.09,43.97,45.53,35.92,42.33,37.57,41.09,46.73,46.42,49.31,61.69,66.66,64.77
IE,IRELAND,EUR,IE00BF0L3536,AIB GROUP,,,,,,,46.29,51.58,61.1,62.95,49.11,43.68,45.66,43.5,29.09,27.36,34.11,34.46,59.81,70.27,63.24,71.56,73.39,63.24
IE,IRELAND,EUR,IE00BK9ZQ967,TRANE TECHNOLOGIES,,,,,,,39.3,59.48,58.86,62.96,72.26,78.17,75.83,5.87,64.05,61.37,68.16,69.04,66.83,74.86,78.24,78.92,80.34,78.5
IE,IRELAND,EUR,IE00BKVD2N49,SEAGATE TECHNOLOGY HOLDINGS,,,,,,34.61,40.29,43.32,46.24,49.41,41.62,60.1,57.1,57.95,54.51,56.23,59.91,63.37,59.99,56.39,57.34,60.28,52.63,
IE,IRELAND,EUR,IE00BLP1HW54,AON CLASS A,,,,55.75,44.12,48.16,43.35,35.6,45.8,46.59,56.99,49.85,57.81,54.07,58.57,56.58,47.67,50.11,51.09,50.52,62.52,57.98,58.03,
IE,IRELAND,EUR,IE00BLS09M33,PENTAIR,,,,,,25.47,25.32,29.15,38.46,46.21,49.14,50.8,46.93,42.78,43.97,36.32,41.7,47.69,47.22,49.58,53.77,55.18,63.98,60.83
IE,IRELAND,EUR,IE00BTN1Y115,MEDTRONIC,,,,35.43,46.25,50.57,53.29,54.69,51.0,60.73,69.95,69.67,68.3,70.09,73.75,75.96,61.04,70.55,75.16,76.19,77.59,71.21,69.16,73.36
IE,IRELAND,EUR,IE00BWB8X525,PERMANENT TSB GHG.,,,,28.85,23.78,58.74,60.16,55.72,65.82,70.35,65.0,67.72,58.76,43.08,36.76,32.62,33.12,17.97,34.48,28.14,37.63,38.72,32.78,34.65
IE,IRELAND,EUR,IE00BWT6H894,FLUTTER ENTERTAINMENT,,,,,,,20.29,12.23,24.9,23.95,24.83,21.64,25.82,20.55,23.15,16.65,15.75,29.61,35.51,37.79,34.89,51.62,54.99,65.11
IE,IRELAND,EUR,IE00BY7QL619,JOHNSON CONTROLS INTL.,,,,33.82,51.53,50.83,61.53,54.44,84.67,83.12,75.59,83.78,90.42,83.08,79.86,81.44,85.28,74.8,76.3,88.82,85.23,76.42,76.47,77.6
IE,IRELAND,EUR,IE00BYTBXV33,RYANAIR HOLDINGS,,,,,,,41.44,32.64,33.91,27.75,28.41,29.43,27.47,31.36,32.91,27.26,32.9,36.86,36.68,29.6,29.66,44.46,41.36,48.1
IT,ITALY,EUR,IT0000062072,ASSICURAZIONI GENERALI,,,,23.39,21.54,40.31,66.69,49.77,60.86,77.17,85.93,82.19,92.36,90.95,89.77,90.43,85.85,84.59,86.45,91.19,90.91,90.51,91.41,91.53
IT,ITALY,EUR,IT0000062957,MEDIOBANCA BC.FIN,,,,30.96,16.49,32.77,20.13,12.05,11.91,24.67,24.54,28.11,27.0,27.0,22.67,36.86,42.74,41.05,46.2,60.3,53.77,53.56,59.2,59.8
IT,ITALY,EUR,IT0000072618,INTESA SANPAOLO,,,,21.87,31.52,30.08,48.5,63.81,88.38,88.02,85.42,82.44,78.17,65.88,69.71,74.59,76.69,76.78,74.62,76.84,74.99,89.62,92.54,92.13
IT,ITALY,EUR,IT0000784154,CATTOLICA ASSICURAZIONI DEAD - DELIST.12/08/22,,,,,,15.83,14.01,10.64,17.19,16.79,24.91,17.12,17.57,17.31,19.56,20.74,19.72,23.62,34.67,39.61,42.45,42.67,57.97,
IT,ITALY,EUR,IT0001137345,AUTOGRILL DEAD - DELIST.24/07/23,,,,21.67,38.6,78.1,40.31,24.33,69.05,70.45,73.89,68.31,66.62,64.72,68.42,73.2,73.16,74.16,70.04,67.04,69.48,67.01,64.03,64.4
IT,ITALY,EUR,IT0001233417,A2A,,,,,,13.7,12.43,11.84,11.83,46.93,56.62,48.7,62.41,62.46,58.81,61.08,59.46,64.51,72.45,66.05,80.89,77.94,78.63,73.68
IT,ITALY,EUR,IT0001347308,BUZZI,,,,,,,,,28.19,39.38,41.14,53.23,54.37,53.02,46.63,45.0,44.81,49.96,41.86,49.67,56.89,58.91,58.39,53.97
IT,ITALY,EUR,IT0001469383,ARNOLDO MONDADORI EDI.,,,,17.41,13.49,13.82,19.55,22.9,13.03,29.71,33.87,40.43,65.62,62.44,61.77,52.37,48.24,43.22,55.73,58.69,56.99,60.46,62.19,65.78
IT,ITALY,EUR,IT0003128367,ENEL,,,,59.97,61.26,61.97,70.87,67.67,61.33,70.39,84.18,82.09,84.75,81.24,85.64,87.84,90.01,91.03,89.21,89.6,87.83,91.52,90.94,90.82
IT,ITALY,EUR,IT0003132476,ENI,,,,51.07,58.06,73.39,51.9,67.46,81.36,85.44,87.99,84.2,87.23,78.25,78.37,78.72,80.77,81.05,83.52,83.54,82.08,83.1,83.83,87.49
IT,ITALY,EUR,IT0003153415,SNAM,,,,52.54,63.84,58.62,69.41,55.86,69.92,73.58,72.31,80.43,83.39,81.73,80.14,80.19,79.06,81.5,85.21,90.87,85.64,91.36,91.93,94.23
IT,ITALY,EUR,IT0003242622,TERNA RETE ELETTRICA NAZ,,,,28.13,21.27,28.23,40.58,55.22,55.97,64.74,74.22,69.22,67.56,62.88,61.62,69.51,70.42,69.6,69.57,72.77,75.62,79.94,81.91,
IT,ITALY,EUR,IT0003497168,TELECOM ITALIA,,,,39.68,48.49,51.67,65.39,75.47,77.66,79.8,79.91,75.96,72.94,72.3,76.75,67.67,78.84,76.84,88.45,85.35,83.83,86.86,84.84,81.46
IT,ITALY,EUR,IT0003506190,ATLANTIA DEAD - DELIST.09/12/22,,,,14.61,37.47,52.88,51.35,59.13,54.43,63.59,72.06,62.07,64.88,64.32,62.35,65.53,75.22,78.43,78.44,80.87,86.53,89.61,79.14,
IT,ITALY,EUR,IT0003856405,LEONARDO,,,,10.06,17.23,27.06,44.68,41.52,22.21,51.29,61.21,60.73,67.97,66.74,65.8,70.9,72.37,75.42,70.67,76.94,76.03,88.5,86.01,85.38
IT,ITALY,EUR,IT0004810054,UNIPOL GRUPPO FINANZIARIO,,,,,,31.09,31.34,25.53,34.11,28.31,33.65,50.06,48.98,45.68,43.98,53.39,52.67,58.91,65.98,66.67,62.62,62.59,71.64,81.65
IT,ITALY,EUR,IT0004827447,UNIPOLSAI,,,,,,20.18,26.42,21.19,18.43,20.47,21.74,20.73,31.71,30.61,31.54,36.97,41.25,39.96,56.64,49.99,54.93,52.13,57.51,61.42
IT,ITALY,EUR,IT0005218380,BANCO BPM,,,,14.12,15.14,20.28,37.78,19.23,19.12,17.18,21.91,23.49,23.65,25.69,28.9,25.54,29.67,34.71,57.35,63.83,68.06,75.98,71.33,73.1
IT,ITALY,EUR,IT0005239360,UNICREDIT,,,,,,,45.87,50.02,70.04,79.3,77.74,81.59,84.93,82.93,84.34,81.06,83.66,80.73,78.35,88.37,87.09,86.37,81.99,84.41
IT,ITALY,EUR,IT0005495657,SAIPEM,,,,,,47.04,46.94,51.18,64.13,76.61,77.69,82.6,89.01,82.56,85.23,83.88,84.93,85.85,86.53,89.94,88.57,85.96,84.48,89.89
IT,ITALY,EUR,IT0005496473,TESSELLIS,,,,16.24,21.76,14.65,13.1,8.77,11.75,10.71,10.53,18.14,14.66,13.88,14.16,21.46,18.98,19.18,15.29,18.4,29.74,38.16,37.06,41.36
IT,ITALY,EUR,IT0005508921,BANCA MONTE DEI PASCHI,,,,73.26,56.98,59.67,50.53,50.2,58.85,68.58,63.18,58.95,61.32,49.44,54.06,56.24,57.87,61.85,53.55,50.04,62.57,74.37,73.94,68.76
NL,NETHERLANDS,EUR,NL0000009082,KPN KON,,,,,,,55.15,63.02,58.27,59.05,63.26,78.83,67.75,57.9,55.99,53.84,66.24,63.61,67.58,72.16,68.62,65.2,64.75,69.94
NL,NETHERLANDS,EUR,NL0000009165,HEINEKEN,,,,51.31,47.7,40.93,37.94,32.3,57.47,57.62,62.73,63.23,70.82,68.96,67.95,64.93,65.71,62.34,59.87,61.64,66.4,70.67,73.88,66.48
NL,NETHERLANDS,EUR,NL0000009538,PHILIPS ELTN.KONINKLIJKE,,,,58.11,65.48,70.46,71.48,85.04,82.32,77.8,78.3,89.85,85.75,90.29,88.11,91.61,89.68,92.06,91.7,89.0,87.97,87.94,83.84,84.34
NL,NETHERLANDS,EUR,NL0000226223,STMICROELECTRONICS,,,,56.64,55.56,49.51,72.04,70.65,75.58,81.7,94.05,93.55,93.17,91.5,91.39,89.09,88.29,91.25,91.08,89.64,93.3,93.45,90.99,89.49
NL,NETHERLANDS,EUR,NL0000235190,AIRBUS,,,,16.47,34.95,38.85,49.18,50.67,49.03,55.38,68.93,66.32,66.57,74.99,75.31,72.68,78.35,72.41,75.84,84.78,83.48,82.93,86.48,84.83
NL,NETHERLANDS,EUR,NL0000289213,WERELDHAVE,,,,16.49,16.24,17.64,34.5,37.82,34.52,42.39,51.47,47.49,42.92,46.9,54.69,54.52,57.78,56.93,61.45,64.98,57.46,58.66,58.55,56.52
NL,NETHERLANDS,EUR,NL0000337319,BAM GROEP KON.,,,,,,27.18,21.72,21.56,30.02,48.57,53.46,55.62,66.02,63.03,65.75,64.15,64.15,65.97,64.96,68.93,66.97,75.68,69.6,67.56
NL,NETHERLANDS,EUR,NL0000360618,SBM OFFSHORE,,,,16.53,12.69,14.46,27.23,26.74,59.15,57.71,54.08,62.73,63.38,60.53,60.79,69.37,62.0,67.19,64.44,68.12,72.84,63.97,65.77,61.69
NL,NETHERLANDS,EUR,NL0000379121,RANDSTAD,,,,16.13,23.3,19.55,29.86,30.61,30.6,40.5,42.53,44.62,54.01,60.38,59.85,62.3,72.18,68.26,69.03,63.3,70.7,72.07,71.37,74.84
NL,NETHERLANDS,EUR,NL0000395903,WOLTERS KLUWER,,,,45.77,45.26,65.78,45.09,66.85,61.69,60.44,57.33,59.64,69.67,64.49,68.56,68.1,64.85,65.17,70.07,69.14,67.75,69.37,65.17,64.88
NL,NETHERLANDS,EUR,NL0009432491,KONINKLIJKE VOPAK,,,,,,,,,40.15,45.99,45.12,55.48,62.37,66.31,67.37,65.95,70.52,69.09,71.22,67.97,64.08,64.95,61.24,61.67
NL,NETHERLANDS,EUR,NL0010273215,ASML HOLDING,,,,53.03,49.02,51.42,41.3,53.27,53.99,57.49,57.86,63.12,60.12,59.53,55.84,64.7,60.53,62.48,69.74,75.4,78.16,75.56,76.4,73.03
NL,NETHERLANDS,EUR,NL0010583399,CORBION,,,,,,20.79,28.09,25.47,23.12,30.25,25.52,37.55,29.58,36.42,45.24,31.51,51.47,52.43,65.51,56.57,58.37,59.11,61.08,62.85
NL,NETHERLANDS,EUR,NL0011794037,KONINKLIJKE AHOLD DELHAIZE,,,,43.9,33.65,70.5,68.36,34.53,64.76,73.98,74.35,74.44,74.69,75.91,81.97,86.02,68.01,74.47,74.6,76.92,62.9,79.43,74.83,
NL,NETHERLANDS,EUR,NL0011821202,ING GROEP,,,,72.98,74.44,78.17,71.44,79.72,79.15,84.4,73.36,82.27,76.58,70.42,67.34,74.1,74.49,82.53,73.49,73.15,74.39,73.23,73.46,76.12
NL,NETHERLANDS,EUR,NL0013267909,AKZO NOBEL,,,,39.13,37.91,36.14,70.22,71.0,81.43,81.75,77.02,78.1,78.03,76.7,75.59,72.07,77.84,76.76,71.84,79.2,71.25,74.38,76.38,73.85
NL,NETHERLANDS,EUR,NL0013332471,TOM TOM,,,,,,,12.31,19.66,19.22,37.78,37.64,46.41,53.58,43.98,43.59,45.92,43.0,41.62,31.89,36.14,42.29,48.19,46.08,42.13
NL,NETHERLANDS,EUR,NL00150001Q9,STELLANTIS,,,,28.0,47.62,48.45,36.06,35.26,60.93,76.55,82.12,81.52,86.88,88.23,92.38,90.74,89.72,87.68,95.18,92.28,91.18,89.25,88.52,87.79
NL,NETHERLANDS,EUR,NL00150003E1,FUGRO,,,,,,15.73,14.71,18.5,25.82,30.53,25.49,40.52,40.71,39.58,35.83,22.66,43.11,44.31,63.33,70.87,74.02,72.74,72.79,68.99
NL,NETHERLANDS,EUR,NL0015001FS8,FERROVIAL,,,,,,44.28,40.54,35.69,57.86,57.39,75.14,76.1,72.6,74.74,77.51,74.13,72.47,68.47,61.97,59.19,62.28,70.71,71.54,81.93
NO,NORWAY ,EUR,NO0003028904,SCHIBSTED A,,,,29.62,30.83,40.73,29.18,23.35,22.34,7.8,14.02,24.5,25.84,41.37,40.99,42.07,45.42,42.59,48.51,65.39,65.61,71.79,66.01,61.34
NO,NORWAY ,EUR,NO0003053605,STOREBRAND,,,,33.82,27.0,38.12,39.14,31.02,68.13,70.62,64.46,67.4,58.02,55.87,56.07,46.24,48.76,49.38,62.5,64.37,69.88,84.93,89.22,84.44
NO,NORWAY ,EUR,NO0003054108,MOWI,,,,,,14.67,9.52,12.22,23.62,38.39,53.96,61.42,60.91,62.65,58.99,69.47,73.86,65.01,62.58,66.9,68.71,69.85,75.49,73.62
NO,NORWAY ,EUR,NO0003078800,TGS,,,,,,30.22,23.1,28.04,25.94,28.75,29.12,32.34,37.26,31.9,36.9,47.61,53.18,61.16,61.72,68.71,65.77,67.57,75.33,70.04
NO,NORWAY ,EUR,NO0003733800,ORKLA,,,,31.08,23.04,34.98,30.45,35.92,62.78,66.3,74.54,71.91,74.6,71.44,70.64,72.09,76.44,77.38,79.44,83.29,86.26,89.09,89.91,
NO,NORWAY ,EUR,NO0005052605,NORSK HYDRO,,,,44.98,46.64,41.02,63.49,73.92,76.82,78.96,78.24,83.81,85.43,84.99,86.0,86.19,89.05,88.12,90.67,92.22,91.32,88.04,87.78,85.77
NO,NORWAY ,EUR,NO0010063308,TELENOR,,,,78.07,74.68,61.63,57.23,54.52,46.09,60.22,66.86,61.19,61.28,58.51,63.9,69.79,70.82,64.57,68.24,69.2,66.48,64.28,64.88,66.86
NO,NORWAY ,EUR,NO0010096985,EQUINOR,,,,,,,60.78,60.04,68.66,76.42,72.3,77.12,79.02,77.77,75.64,80.5,80.01,79.02,81.1,82.04,78.84,80.68,78.05,75.44
NO,NORWAY ,EUR,NO0010112675,REC SILICON,,,,,,,,15.97,37.59,42.69,38.45,43.72,47.22,59.59,52.32,47.08,37.07,45.59,34.78,38.86,36.67,39.77,27.44,33.96
NO,NORWAY ,EUR,NO0010199151,PGS,,,,16.7,41.86,68.38,34.27,33.7,42.77,50.38,53.67,49.13,59.0,56.55,58.66,51.29,55.67,50.22,52.66,56.01,62.5,59.08,67.9,64.74
NO,NORWAY ,EUR,NO0010208051,YARA INTERNATIONAL,,,,,,13.91,18.61,23.61,56.11,63.05,66.38,62.23,72.35,71.57,68.55,62.98,66.67,66.79,70.81,74.76,72.76,80.33,78.13,77.52
NO,NORWAY ,EUR,NO0010215684,AKASTOR,,,,,,23.01,20.21,36.34,46.38,55.86,58.5,58.31,54.94,71.45,66.36,60.64,56.16,57.13,54.21,57.17,58.49,53.94,60.32,58.16
NO,NORWAY ,EUR,NO0010861990,PROSAFE,,,,19.9,28.36,19.9,29.61,33.95,50.65,49.27,55.93,51.56,51.82,49.63,53.67,53.34,65.16,55.23,63.68,65.46,65.8,64.94,65.51,68.65
NO,NORWAY ,EUR,NO0012470089,TOMRA SYSTEMS,,,,50.23,45.49,30.03,23.45,29.12,31.31,43.06,40.6,51.27,56.52,52.15,57.67,47.94,42.95,61.24,63.71,50.79,49.26,56.32,53.78,53.68
PT,PORTUGAL ,EUR,PTBCP0AM0015,BANCO COMR.PORTUGUES 'R',,,,39.04,21.51,21.07,25.04,59.05,58.87,61.98,66.45,68.87,75.53,67.47,57.31,74.84,65.6,75.0,81.11,71.1,78.57,75.09,71.95,74.15
PT,PORTUGAL ,EUR,PTEDP0AM0009,EDP ENERGIAS DE PORTUGAL,,,,,,,35.1,41.83,66.26,83.6,85.21,82.44,80.68,79.47,78.54,79.47,78.04,83.3,76.84,78.21,78.12,79.94,87.47,84.85
PT,PORTUGAL ,EUR,PTJMT0AE0001,JERONIMO MARTINS,,,,,,,60.34,57.23,61.55,50.28,60.02,56.44,60.89,61.7,62.22,70.17,76.78,77.67,79.86,71.87,78.48,85.25,83.24,82.08
PT,PORTUGAL ,EUR,PTSON0AM0001,SONAE SGPS,,,,21.02,14.84,18.18,36.97,38.05,64.12,69.93,72.6,77.44,72.89,71.78,74.65,77.83,75.63,81.03,73.52,74.99,72.46,74.76,77.3,69.82
PT,PORTUGAL ,EUR,PTZON0AM0006,NOS SGPS,,,,,,,16.05,15.64,20.11,31.08,20.61,24.43,34.28,44.41,41.45,41.93,50.79,51.52,60.59,70.61,61.59,61.09,59.0,59.84
SE,SWEDEN ,EUR,SE0000106270,HENNES & MAURITZ B,,,,,,,49.68,49.49,53.54,60.27,60.99,63.27,59.15,67.6,74.58,73.3,73.33,69.29,72.01,78.28,72.72,71.2,79.19,72.56
SE,SWEDEN ,EUR,SE0000108227,SKF B,,,,31.15,27.56,44.6,47.27,55.21,59.68,75.4,72.26,74.62,72.37,72.58,70.96,78.6,78.11,73.94,75.07,71.34,77.73,80.35,80.79,78.8
SE,SWEDEN ,EUR,SE0000108656,ERICSSON B,,,,60.44,46.74,65.99,56.41,55.76,60.84,66.28,59.07,70.34,74.68,77.49,81.34,84.59,83.32,81.23,81.17,84.26,84.55,85.34,85.77,83.22
SE,SWEDEN ,EUR,SE0000111940,RATOS B,,,,,,20.93,16.77,9.66,21.85,16.24,40.02,39.15,32.99,17.86,30.78,25.96,50.65,52.5,53.23,56.25,60.23,63.56,59.64,57.13
SE,SWEDEN ,EUR,SE0000112724,SVENSKA CELLULOSA AKTIEBOLAGET SCA B,,,,58.42,49.43,64.19,38.43,54.42,66.34,74.03,77.38,79.03,85.04,80.64,77.76,82.05,82.14,83.3,83.7,88.52,86.94,83.75,83.79,81.81
SE,SWEDEN ,EUR,SE0000113250,SKANSKA B,,,,,,,52.62,46.24,55.2,61.27,62.9,52.4,54.69,55.98,57.32,52.52,56.77,57.27,61.64,70.3,70.23,72.14,70.38,70.54
SE,SWEDEN ,EUR,SE0000114837,TRELLEBORG B,,,,51.9,38.55,39.59,42.3,59.47,59.52,76.23,70.92,68.6,60.29,57.6,51.75,50.66,54.53,58.56,60.04,62.86,69.24,66.21,66.93,66.17
SE,SWEDEN ,EUR,SE0000148884,SKANDINAVISKA ENSKILDA BANKEN A,,,,45.26,45.21,50.3,46.78,50.7,68.69,65.07,63.38,62.4,58.7,68.2,70.02,75.39,73.72,72.76,73.69,68.92,73.27,82.79,79.02,70.17
SE,SWEDEN ,EUR,SE0000163594,SECURITAS B,,,,30.27,27.12,17.09,28.06,16.71,15.63,18.22,18.81,17.26,25.68,33.31,36.98,39.29,47.33,52.69,54.66,58.29,59.75,57.9,61.87,53.73
SE,SWEDEN ,EUR,SE0000163628,ELEKTA B,,,,20.46,19.85,33.31,49.72,43.69,27.89,24.94,31.31,39.78,47.12,59.96,72.08,64.29,71.43,76.15,79.37,83.38,86.1,87.97,86.93,85.65
SE,SWEDEN ,EUR,SE0000171100,SSAB A,,,,33.14,25.77,36.73,28.4,27.52,36.12,62.58,58.6,63.69,64.43,60.02,59.36,60.51,63.76,62.54,73.16,74.14,70.14,73.18,73.94,72.24
SE,SWEDEN ,EUR,SE0000190126,INDUSTRIVARDEN A,,,,,,23.7,9.91,11.66,16.05,11.39,16.86,18.13,13.24,12.8,8.37,7.92,9.46,23.05,25.85,24.85,35.7,27.23,31.25,33.85
SE,SWEDEN ,EUR,SE0000202624,GETINGE B,,,,,,,35.16,34.79,22.44,58.49,45.67,41.81,42.55,34.32,29.63,30.54,47.31,56.26,58.21,59.18,58.67,72.27,81.69,82.31
SE,SWEDEN ,EUR,SE0000242455,SWEDBANK A,,,,,,31.31,37.59,40.51,50.2,56.24,62.37,68.32,66.22,68.88,72.82,74.47,77.64,80.05,81.34,79.48,77.12,69.74,75.14,74.92
SE,SWEDEN ,EUR,SE0000379190,CASTELLUM,,,,68.55,64.94,69.48,61.97,50.96,46.93,52.59,58.12,59.99,53.95,59.5,62.28,62.94,74.63,80.97,85.73,83.45,85.54,82.85,85.44,71.5
SE,SWEDEN ,EUR,SE0000667891,SANDVIK,,,,20.1,22.5,35.83,35.18,46.51,51.27,60.06,59.48,56.74,60.29,65.14,61.74,61.64,70.4,76.45,76.47,76.79,79.82,80.01,76.56,75.03
SE,SWEDEN ,EUR,SE0000667925,TELIA COMPANY,,,,29.36,27.7,47.74,47.45,50.34,73.09,80.8,77.37,83.26,75.93,75.09,74.81,71.56,74.77,81.51,79.11,77.78,75.77,80.21,81.15,82.08
SE,SWEDEN ,EUR,SE0000695876,ALFA LAVAL,,,,14.37,39.29,34.71,41.11,39.76,57.95,59.84,65.8,55.99,66.77,66.69,59.43,65.74,67.91,79.44,81.63,89.62,88.2,82.2,77.57,78.16
SE,SWEDEN ,EUR,SE0000806994,JM,,,,,,,,38.96,36.94,,41.28,32.31,47.96,48.07,55.92,59.77,62.1,76.96,77.7,78.11,77.05,72.4,69.08,62.61
SE,SWEDEN ,EUR,SE0000862997,BILLERUD AKTIEBOLAG,,,,34.97,43.37,41.31,33.6,32.11,43.58,57.79,78.81,70.2,75.69,77.72,78.4,76.61,88.66,80.74,79.64,79.65,76.13,83.75,82.52,82.75
SE,SWEDEN ,EUR,SE0000949331,NOBIA,,,,,,13.5,9.94,18.87,36.1,39.03,40.47,28.88,30.2,40.73,37.12,43.47,54.42,57.57,62.18,63.25,65.04,63.61,63.1,68.99
SE,SWEDEN ,EUR,SE0001662230,HUSQVARNA B,,,,,,3.2,6.9,27.97,37.83,45.19,52.9,47.2,48.12,44.33,43.68,64.55,67.34,70.88,75.4,79.77,79.35,80.62,79.54,78.63
SE,SWEDEN ,EUR,SE0003366871,SAS,,,,50.5,52.82,51.32,59.19,43.87,63.89,60.73,59.74,73.67,73.61,67.49,65.51,67.97,68.71,71.26,69.58,69.48,64.72,63.23,75.88,59.24
SE,SWEDEN ,EUR,SE0005190238,TELE2 B,,,,24.6,21.85,23.19,24.52,31.38,36.56,46.92,52.07,54.82,47.14,63.54,64.28,67.71,63.3,66.83,68.1,63.02,69.03,73.69,75.85,75.23
SE,SWEDEN ,EUR,SE0006993770,AXFOOD,,,,23.34,22.82,34.71,55.78,46.94,57.23,54.81,50.48,66.38,57.08,65.8,61.26,66.29,67.92,69.08,75.19,72.18,74.57,72.77,72.77,68.3
SE,SWEDEN ,EUR,SE0007100581,ASSA ABLOY B,,,,11.72,3.55,7.39,48.8,49.87,55.76,61.02,63.95,60.41,55.41,56.96,54.61,50.95,62.19,61.68,63.24,62.28,75.15,76.47,74.32,70.08
SE,SWEDEN ,EUR,SE0007100599,SVENSKA HANDELSBANKEN A,,,,53.87,61.61,50.9,43.53,36.6,48.72,46.36,51.01,58.05,60.72,57.62,56.92,51.27,54.58,58.98,57.67,60.54,66.81,67.58,65.26,63.12
SE,SWEDEN ,EUR,SE0011090018,HOLMEN B,,,,,,,43.74,37.69,38.32,46.05,53.62,52.26,48.45,43.2,46.05,54.62,66.45,64.64,62.74,52.06,54.69,60.36,61.09,59.17
SE,SWEDEN ,EUR,SE0011166974,FABEGE,,,,48.4,40.59,38.61,56.58,49.75,68.1,62.04,61.64,64.8,67.79,64.6,66.88,74.45,77.98,77.04,72.38,73.32,78.54,82.34,81.76,73.6
SE,SWEDEN ,EUR,SE0011256312,ENIRO GROUP,,,,17.24,33.54,41.21,35.15,33.5,32.67,35.06,39.26,32.83,29.28,32.82,34.74,56.4,49.45,40.15,38.45,36.44,20.73,,,
SE,SWEDEN ,EUR,SE0015810247,KINNEVIK B,,,,,,22.79,21.17,41.86,35.4,32.65,55.5,62.78,66.91,71.07,62.03,39.66,39.66,43.11,49.76,50.38,49.37,57.35,58.05,61.75
SE,SWEDEN ,EUR,SE0015811955,INVESTOR A,,,,,,29.16,31.3,22.01,39.36,37.32,43.36,27.93,34.42,30.97,42.1,35.11,30.89,35.84,41.52,42.58,56.11,61.89,60.14,
SE,SWEDEN ,EUR,SE0015812219,SWEDISH MATCH DEAD - DELIST.02/01/23,,,,32.36,31.25,36.67,36.04,35.04,41.52,55.73,66.8,69.31,76.89,70.99,71.69,66.75,71.72,67.46,78.12,75.96,78.21,81.36,82.3,
SE,SWEDEN ,EUR,SE0015961909,HEXAGON B,,,,,,24.75,24.41,25.44,27.63,38.52,39.89,40.18,36.76,39.61,33.7,32.83,33.94,32.32,31.22,34.3,43.05,49.45,52.33,53.57
SE,SWEDEN ,EUR,SE0016589188,ELECTROLUX B,,,,,,,50.26,50.5,77.71,72.21,80.77,70.0,79.79,71.96,78.47,77.33,74.17,76.27,66.07,73.87,81.06,82.36,85.57,83.59
SE,SWEDEN ,EUR,SE0017486889,ATLAS COPCO A,,,,47.38,53.25,45.07,45.15,69.18,66.51,75.7,79.68,79.56,84.9,82.95,83.19,77.25,77.62,74.13,73.42,76.57,82.08,83.93,84.31,78.84
SE,SWEDEN ,EUR,SE0018012494,MODERN TIMES GROUP MTG B,,,,29.0,33.82,31.82,35.22,33.38,35.77,41.75,57.87,60.88,77.63,78.28,77.8,80.89,80.65,82.08,80.15,69.01,77.05,78.97,79.03,76.96
SE,SWEDEN ,EUR,SE0018012635,WIHLBORGS FASTIGHETER,,,,,,,14.2,34.84,47.93,37.24,46.07,50.58,56.56,54.78,53.49,55.32,59.06,53.7,52.47,52.57,53.75,57.95,46.82,51.48
SE,SWEDEN ,EUR,SE0020050417,BOLIDEN ORD SHS,,,,,,22.16,21.53,56.91,57.96,66.44,70.18,66.12,74.02,73.82,74.54,71.73,78.11,80.29,74.72,78.37,81.02,84.09,82.24,82.47
